customer_id,age,gender,country,cuisine_preference,favourite_dish,membership_tier,acquisition_channel,visits_last_12m,total_bookings,recency_days,avg_spend_usd,avg_rating,review_text,responded_to_promotion,engagement_score,tenure_days,has_review
AID00695,40.0,Male,India,Ethiopian,Ethiopian signature dish,Silver,Search Engine,4,9,26,48.86,1.9,Overpriced for the portion size we received.,1,43.3,1447,1
AID00688,18.0,Male,United Arab Emirates,Turkish,Turkish signature dish,Gold,Referral,4,10,41,41.84,3.1,Service was slow and the order was incorrect.,0,80.4,1477,1
AID01497,54.0,Male,Germany,Moroccan,Moroccan signature dish,Silver,Walk-in,4,11,39,40.12,4.1,,1,32.9,569,0
AID01284,36.0,Male,India,Ethiopian,Ethiopian signature dish,Silver,Partner App,8,11,61,52.24,3.8,Overpriced for the portion size we received.,1,56.7,65,1
AID00415,24.0,Male,France,Indian,Indian signature dish,Platinum,Advertisement,6,7,91,57.28,4.4,Fantastic service and the fusion menu was a great surprise.,1,40.9,344,1
AID00937,38.0,Female,Brazil,Spanish,Spanish signature dish,Silver,Advertisement,6,6,13,31.13,4.2,,1,56.4,87,0
AID00759,20.0,Female,United Arab Emirates,Ethiopian,Ethiopian signature dish,Standard,Search Engine,6,16,13,36.16,3.1,,1,82.2,401,0
AID00877,38.0,Non-binary,Brazil,Spanish,Spanish signature dish,Standard,Walk-in,7,7,14,32.69,4.1,Great value for money and the staff were very attentive.,0,80.9,925,1
AID01034,36.0,Female,Spain,Greek,Greek signature dish,Platinum,Walk-in,5,11,35,50.03,4.4,One of the best dining experiences we have had this year.,0,71.4,1084,1
AID00718,74.0,Non-binary,Netherlands,Mexican,Mexican signature dish,Platinum,Search Engine,5,6,19,38.95,2.4,"Would not recommend, the experience did not meet expectations.",0,63.3,40,1
AID01196,46.0,Female,China,Thai,Thai signature dish,Standard,Advertisement,7,12,30,28.97,4.3,Fantastic service and the fusion menu was a great surprise.,0,55.5,82,1
AID00285,44.0,Female,United Arab Emirates,Indian,Indian signature dish,Standard,Search Engine,8,8,22,43.73,3.7,Overpriced for the portion size we received.,0,18.7,1169,1
AID00541,44.0,Male,United Kingdom,Korean,Korean signature dish,Standard,Social Media,6,11,23,48.89,5.0,,0,56.6,449,0
AID01242,25.0,Female,United Kingdom,Japanese,Japanese signature dish,Standard,Search Engine,6,12,155,67.17,4.6,,0,96.4,565,0
AID01479,32.0,Female,United Arab Emirates,Chinese,Chinese signature dish,Standard,Social Media,3,16,16,46.32,3.8,,1,74.8,991,0
AID00573,33.0,Female,China,Thai,Thai signature dish,Silver,Walk-in,4,8,32,8.0,4.9,Fantastic service and the fusion menu was a great surprise.,0,26.2,915,1
AID01077,26.0,Male,India,Italian,Italian signature dish,Standard,Walk-in,2,9,8,25.82,3.7,Overpriced for the portion size we received.,0,29.5,677,1
AID00408,50.0,Prefer not to say,Germany,Japanese,Japanese signature dish,Standard,Advertisement,1,12,97,31.98,3.0,,0,55.2,763,0
AID01426,63.0,Female,United Kingdom,French,French signature dish,Standard,Referral,5,9,27,46.79,2.4,,0,67.5,388,0
AID01482,18.0,Female,India,Moroccan,Moroccan signature dish,Silver,Walk-in,5,12,20,30.75,3.8,Overpriced for the portion size we received.,0,81.4,1089,1
AID00096,20.0,Female,Germany,Korean,Korean signature dish,Platinum,Walk-in,9,9,3,8.0,4.3,"The chef's tasting menu was outstanding, highly recommend.",0,70.0,1030,1
AID00975,55.0,Male,France,French,French signature dish,Standard,Advertisement,5,10,12,48.37,4.0,"The chef's tasting menu was outstanding, highly recommend.",1,51.5,1218,1
AID00906,45.0,Female,Germany,Brazilian,Brazilian signature dish,Standard,Partner App,9,16,8,46.75,3.4,,0,6.2,1166,0
AID00714,56.0,Male,Italy,Lebanese,Lebanese signature dish,Gold,Walk-in,7,12,60,36.84,4.4,,0,50.3,1468,0
AID00211,44.0,Male,United Arab Emirates,Korean,Korean signature dish,Standard,Search Engine,9,9,8,38.52,5.0,,0,59.2,1162,0
AID00466,32.0,Female,Germany,Thai,Thai signature dish,Platinum,Referral,3,12,17,42.99,4.3,,0,52.1,1112,0
AID00512,54.0,Male,Nigeria,Lebanese,Lebanese signature dish,Standard,Walk-in,6,12,40,52.86,3.9,"Would not recommend, the experience did not meet expectations.",0,44.5,266,1
AID00229,59.0,Female,Australia,Greek,Greek signature dish,Standard,Search Engine,11,12,176,68.64,4.4,Great value for money and the staff were very attentive.,1,30.8,1421,1
AID00147,36.0,Female,Germany,Greek,Greek signature dish,Gold,Search Engine,9,9,75,42.19,3.0,"The food was fine, nothing special but not bad either.",0,31.8,75,1
AID00565,20.0,Female,United Kingdom,Lebanese,Lebanese signature dish,Standard,Referral,1,6,5,50.38,3.5,Overpriced for the portion size we received.,0,14.5,1113,1
AID00598,25.0,Male,Spain,Spanish,Spanish signature dish,Gold,Partner App,5,7,97,47.79,3.3,Overpriced for the portion size we received.,0,55.7,681,1
AID00799,54.0,Male,Japan,Ethiopian,Ethiopian signature dish,Standard,Advertisement,9,9,98,52.13,3.2,Very disappointed with the wait time and cold food.,0,40.6,445,1
AID00044,36.0,Female,Nigeria,Turkish,Turkish signature dish,Standard,Advertisement,8,8,1,71.16,4.2,One of the best dining experiences we have had this year.,0,54.5,1242,1
AID00417,35.0,Female,Spain,Chinese,Chinese signature dish,Standard,Partner App,2,14,8,74.57,2.9,"Would not recommend, the experience did not meet expectations.",0,38.8,156,1
AID01381,37.0,Male,Turkey,Brazilian,Brazilian signature dish,Standard,Social Media,3,9,64,40.06,3.0,"Decent experience overall, might try again sometime.",1,65.2,411,1
AID00908,23.0,Female,France,Indian,Indian signature dish,Platinum,Referral,7,7,202,54.82,3.8,Service was slow and the order was incorrect.,0,84.4,878,1
AID00118,50.0,Female,United Arab Emirates,Indian,Indian signature dish,Standard,Partner App,11,11,64,16.91,3.3,Overpriced for the portion size we received.,1,48.8,124,1
AID00411,33.0,Female,India,Japanese,Japanese signature dish,Gold,Search Engine,5,11,49,51.65,4.7,"The chef's tasting menu was outstanding, highly recommend.",0,37.5,833,1
AID00329,44.0,Female,India,Turkish,Turkish signature dish,Gold,Referral,6,9,7,30.31,3.9,Service was slow and the order was incorrect.,0,66.6,248,1
AID01351,43.0,Female,Nigeria,French,French signature dish,Silver,Advertisement,3,7,17,55.03,4.0,"Absolutely loved the flavours, will definitely come back again.",0,51.9,1260,1
AID00341,21.0,Female,Brazil,Moroccan,Moroccan signature dish,Standard,Advertisement,9,9,90,23.82,5.0,Fantastic service and the fusion menu was a great surprise.,1,53.3,823,1
AID01417,29.0,Female,Italy,Thai,Thai signature dish,Standard,Search Engine,5,10,5,34.73,2.2,,0,50.5,1445,0
AID00061,18.0,Female,India,Turkish,Turkish signature dish,Platinum,Referral,5,13,15,34.03,4.2,Fantastic service and the fusion menu was a great surprise.,0,68.3,15,1
AID01197,45.0,Female,France,Turkish,Turkish signature dish,Standard,Referral,2,8,54,64.06,3.9,Very disappointed with the wait time and cold food.,1,48.3,341,1
AID01243,27.0,Prefer not to say,Turkey,Thai,Thai signature dish,Silver,Walk-in,9,9,22,36.56,4.1,"Absolutely loved the flavours, will definitely come back again.",0,51.8,624,1
AID01134,43.0,Female,Turkey,Ethiopian,Ethiopian signature dish,Gold,Advertisement,3,9,11,33.08,3.0,"It was okay, the ambience could be improved.",0,70.1,489,1
AID01183,30.0,Male,Australia,Mexican,Mexican signature dish,Standard,Social Media,7,12,24,53.85,3.9,,0,54.6,685,0
AID00295,18.0,Female,Nigeria,Spanish,Spanish signature dish,Silver,Advertisement,6,6,91,29.58,4.1,One of the best dining experiences we have had this year.,0,55.0,376,1
AID00371,40.0,Male,Netherlands,Turkish,Turkish signature dish,Standard,Advertisement,2,6,18,46.89,4.7,One of the best dining experiences we have had this year.,1,63.6,872,1
AID00783,44.0,Female,Nigeria,Turkish,Turkish signature dish,Standard,Search Engine,8,9,61,39.35,3.3,,1,31.1,859,0
AID01071,34.0,Female,United Kingdom,Spanish,Spanish signature dish,Gold,Walk-in,7,8,8,45.95,4.1,Great value for money and the staff were very attentive.,0,63.6,1339,1
AID00349,32.0,Female,Turkey,Moroccan,Moroccan signature dish,Silver,Walk-in,5,12,28,8.0,5.0,,0,55.5,930,0
AID01055,35.0,Female,Germany,Italian,Italian signature dish,Silver,Walk-in,9,9,54,71.53,3.7,Very disappointed with the wait time and cold food.,1,65.2,681,1
AID00983,28.0,Male,India,Greek,Greek signature dish,Silver,Social Media,5,9,27,43.06,5.0,Great value for money and the staff were very attentive.,0,100.0,265,1
AID00490,24.0,Female,Australia,Thai,Thai signature dish,Standard,Partner App,8,8,33,73.56,4.6,,0,90.3,1341,0
AID00128,37.0,Non-binary,Germany,Brazilian,Brazilian signature dish,Gold,Referral,7,16,14,46.82,4.2,,0,32.5,226,0
AID00465,44.0,Male,China,French,French signature dish,Standard,Partner App,4,7,22,58.77,3.3,Overpriced for the portion size we received.,1,81.2,643,1
AID01296,31.0,Prefer not to say,Nigeria,Japanese,Japanese signature dish,Standard,Referral,4,17,31,52.39,1.9,Service was slow and the order was incorrect.,0,75.1,589,1
AID00769,30.0,Male,United Kingdom,Italian,Italian signature dish,Standard,Referral,6,9,22,55.34,4.5,One of the best dining experiences we have had this year.,1,54.6,1288,1
AID00168,37.0,Male,United States,Indian,Indian signature dish,Standard,Referral,5,9,61,37.36,2.9,Very disappointed with the wait time and cold food.,0,88.5,1405,1
AID00810,50.0,Female,United States,Korean,Korean signature dish,Silver,Advertisement,6,6,49,39.54,3.4,Very disappointed with the wait time and cold food.,0,50.1,49,1
AID01054,39.0,Male,China,Moroccan,Moroccan signature dish,Standard,Referral,8,8,18,56.16,5.0,One of the best dining experiences we have had this year.,1,45.7,726,1
AID00643,30.0,Male,Nigeria,Lebanese,Lebanese signature dish,Silver,Advertisement,8,8,3,28.94,5.0,,0,53.8,1151,0
AID00072,26.0,Female,United States,Korean,Korean signature dish,Standard,Advertisement,4,8,231,46.04,5.0,,0,67.1,1226,0
AID01096,60.0,Male,Japan,Italian,Italian signature dish,Gold,Advertisement,5,15,39,51.68,4.1,"The chef's tasting menu was outstanding, highly recommend.",0,53.7,733,1
AID00464,24.0,Male,Australia,Ethiopian,Ethiopian signature dish,Silver,Advertisement,13,13,7,21.34,3.4,Service was slow and the order was incorrect.,0,56.1,1191,1
AID00446,39.0,Prefer not to say,China,Italian,Italian signature dish,Gold,Search Engine,6,10,53,30.99,4.8,Fantastic service and the fusion menu was a great surprise.,0,66.9,458,1
AID01260,37.0,Female,India,French,French signature dish,Standard,Search Engine,4,9,249,25.13,5.0,"The chef's tasting menu was outstanding, highly recommend.",1,78.3,588,1
AID01474,42.0,Male,China,Spanish,Spanish signature dish,Standard,Referral,6,8,30,43.5,3.7,Service was slow and the order was incorrect.,1,50.9,1015,1
AID00962,38.0,Male,United Kingdom,Ethiopian,Ethiopian signature dish,Standard,Advertisement,5,12,44,41.59,4.2,Fantastic service and the fusion menu was a great surprise.,0,46.1,1224,1
AID00618,63.0,Male,Italy,Japanese,Japanese signature dish,Standard,Partner App,7,13,75,45.3,4.9,,1,50.6,590,0
AID00064,44.0,Male,United Arab Emirates,Spanish,Spanish signature dish,Platinum,Partner App,4,8,33,50.15,4.1,Great value for money and the staff were very attentive.,0,63.7,167,1
AID01219,30.0,Female,France,Turkish,Turkish signature dish,Silver,Search Engine,9,14,3,58.14,2.5,"Would not recommend, the experience did not meet expectations.",0,53.8,345,1
AID01454,29.0,Female,Brazil,French,French signature dish,Standard,Partner App,4,7,47,51.39,3.7,,1,59.2,229,0
AID00059,31.0,Male,United Kingdom,Japanese,Japanese signature dish,Standard,Advertisement,8,8,57,44.0,4.8,One of the best dining experiences we have had this year.,0,42.6,1165,1
AID00604,45.0,Female,Australia,Indian,Indian signature dish,Standard,Search Engine,10,12,30,52.88,4.3,Fantastic service and the fusion menu was a great surprise.,0,69.3,525,1
AID00112,32.0,Male,Spain,Lebanese,Lebanese signature dish,Silver,Referral,5,6,71,62.43,4.5,"The chef's tasting menu was outstanding, highly recommend.",0,41.5,1417,1
AID00451,55.0,Male,India,Thai,Thai signature dish,Standard,Referral,8,8,15,62.79,5.0,,1,54.3,998,0
AID00859,48.0,Female,United Arab Emirates,Spanish,Spanish signature dish,Silver,Partner App,4,7,59,52.98,3.0,"The food was fine, nothing special but not bad either.",0,40.3,301,1
AID00416,19.0,Male,Germany,Japanese,Japanese signature dish,Silver,Walk-in,6,12,76,56.43,4.2,"Absolutely loved the flavours, will definitely come back again.",1,63.8,455,1
AID00264,54.0,Male,China,Korean,Korean signature dish,Standard,Referral,6,10,18,34.22,1.9,"Would not recommend, the experience did not meet expectations.",0,39.9,18,1
AID01371,38.0,Male,Japan,Spanish,Spanish signature dish,Silver,Advertisement,2,8,61,34.18,3.8,Very disappointed with the wait time and cold food.,1,28.9,1206,1
AID00102,23.0,Male,Turkey,French,French signature dish,Silver,Walk-in,7,7,6,33.14,3.2,,0,53.5,974,0
AID00706,39.0,Male,China,Thai,Thai signature dish,Platinum,Walk-in,9,9,1,28.98,4.2,"The chef's tasting menu was outstanding, highly recommend.",1,36.3,555,1
AID00916,40.0,Male,Japan,Greek,Greek signature dish,Standard,Walk-in,8,8,28,66.08,4.2,"Absolutely loved the flavours, will definitely come back again.",1,55.5,1454,1
AID01409,49.0,Female,United States,Ethiopian,Ethiopian signature dish,Standard,Advertisement,4,14,33,75.97,3.8,"Would not recommend, the experience did not meet expectations.",0,43.6,502,1
AID00253,40.0,Male,Italy,Ethiopian,Ethiopian signature dish,Standard,Search Engine,9,13,6,8.0,3.5,Overpriced for the portion size we received.,0,73.7,226,1
AID00603,41.0,Female,Australia,Spanish,Spanish signature dish,Standard,Advertisement,5,14,21,39.43,4.2,One of the best dining experiences we have had this year.,0,25.9,757,1
AID00694,49.0,Male,Brazil,Korean,Korean signature dish,Standard,Social Media,5,7,40,26.45,5.0,One of the best dining experiences we have had this year.,1,78.4,392,1
AID00475,52.0,Female,Japan,French,French signature dish,Standard,Walk-in,8,13,3,21.74,4.7,"The chef's tasting menu was outstanding, highly recommend.",0,63.1,934,1
AID00028,42.0,Male,Spain,Ethiopian,Ethiopian signature dish,Standard,Social Media,2,10,87,42.21,4.9,"Absolutely loved the flavours, will definitely come back again.",1,75.5,768,1
AID00733,41.0,Male,United Kingdom,Thai,Thai signature dish,Gold,Social Media,4,10,9,31.8,4.0,"Absolutely loved the flavours, will definitely come back again.",0,54.4,1034,1
AID00010,21.0,Female,France,Indian,Indian signature dish,Standard,Referral,2,7,46,60.23,5.0,"The chef's tasting menu was outstanding, highly recommend.",0,62.7,46,1
AID00719,54.0,Female,United Kingdom,Indian,Indian signature dish,Silver,Walk-in,4,9,44,39.73,3.9,"Would not recommend, the experience did not meet expectations.",0,55.5,190,1
AID00117,47.0,Male,China,Mexican,Mexican signature dish,Standard,Referral,5,16,99,67.58,4.7,"The chef's tasting menu was outstanding, highly recommend.",1,56.8,1330,1
AID00499,39.0,Male,France,Mexican,Mexican signature dish,Standard,Advertisement,2,11,0,23.12,4.2,,0,74.3,268,0
AID01105,44.0,Male,Brazil,Greek,Greek signature dish,Platinum,Search Engine,7,7,63,58.36,4.5,"The chef's tasting menu was outstanding, highly recommend.",1,37.1,1347,1
AID01310,42.0,Male,Japan,Greek,Greek signature dish,Standard,Partner App,5,13,2,39.24,3.6,"Would not recommend, the experience did not meet expectations.",0,17.2,398,1
AID00207,18.0,Male,India,Thai,Thai signature dish,Standard,Referral,4,5,21,29.66,4.9,"The chef's tasting menu was outstanding, highly recommend.",0,75.0,1230,1
AID00903,26.0,Female,China,Italian,Italian signature dish,Standard,Partner App,8,14,8,63.77,4.2,Great value for money and the staff were very attentive.,1,56.7,918,1
AID00780,22.0,Male,China,Thai,Thai signature dish,Standard,Social Media,7,12,46,36.12,5.0,Great value for money and the staff were very attentive.,0,23.2,56,1
AID00142,43.0,Female,United States,Korean,Korean signature dish,Gold,Social Media,6,6,43,52.79,3.2,,0,40.0,102,0
AID00514,38.0,Female,Germany,Moroccan,Moroccan signature dish,Gold,Advertisement,5,11,135,8.0,3.9,"Would not recommend, the experience did not meet expectations.",1,43.9,1465,1
AID00755,25.0,Male,Germany,Spanish,Spanish signature dish,Standard,Referral,5,8,16,30.97,5.0,"Absolutely loved the flavours, will definitely come back again.",1,81.5,244,1
AID01453,45.0,Female,Italy,Korean,Korean signature dish,Gold,Referral,5,8,58,68.09,5.0,Fantastic service and the fusion menu was a great surprise.,0,74.2,253,1
AID01201,39.0,Non-binary,United Arab Emirates,Greek,Greek signature dish,Silver,Partner App,7,12,5,65.34,3.8,Service was slow and the order was incorrect.,1,20.8,779,1
AID01438,46.0,Male,United Kingdom,Moroccan,Moroccan signature dish,Standard,Search Engine,5,11,31,37.76,4.6,Great value for money and the staff were very attentive.,0,43.3,884,1
AID00798,56.0,Female,Japan,Japanese,Japanese signature dish,Gold,Social Media,2,5,107,62.4,3.4,Service was slow and the order was incorrect.,1,23.3,691,1
AID00141,53.0,Female,United Kingdom,Italian,Italian signature dish,Gold,Partner App,9,9,2,57.98,5.0,,0,64.5,1217,0
AID01168,41.0,Male,Germany,Turkish,Turkish signature dish,Silver,Walk-in,4,8,37,41.96,3.4,Very disappointed with the wait time and cold food.,1,27.4,937,1
AID01489,51.0,Female,Germany,Spanish,Spanish signature dish,Platinum,Social Media,7,9,95,35.37,3.1,Service was slow and the order was incorrect.,0,43.8,694,1
AID01257,46.0,Male,France,Korean,Korean signature dish,Platinum,Social Media,7,7,66,57.03,4.4,One of the best dining experiences we have had this year.,0,76.8,1198,1
AID00817,48.0,Male,Australia,Korean,Korean signature dish,Standard,Advertisement,5,14,88,40.43,4.5,"Absolutely loved the flavours, will definitely come back again.",0,29.6,1094,1
AID01144,25.0,Female,Italy,Spanish,Spanish signature dish,Standard,Referral,8,11,63,28.07,3.8,Overpriced for the portion size we received.,0,76.6,516,1
AID01294,39.0,Prefer not to say,United States,Greek,Greek signature dish,Standard,Advertisement,8,8,0,30.81,5.0,,0,93.0,806,0
AID00018,20.0,Male,Netherlands,Italian,Italian signature dish,Silver,Referral,7,7,86,13.9,3.4,,0,87.6,567,0
AID00362,45.0,Female,Japan,Korean,Korean signature dish,Platinum,Search Engine,12,12,87,34.79,3.1,Very disappointed with the wait time and cold food.,1,55.5,748,1
AID00276,58.0,Female,United Arab Emirates,Japanese,Japanese signature dish,Silver,Partner App,7,14,68,50.95,4.8,,1,29.9,1056,0
AID01088,23.0,Female,Netherlands,Moroccan,Moroccan signature dish,Silver,Social Media,8,8,39,37.07,5.0,"The chef's tasting menu was outstanding, highly recommend.",0,73.7,386,1
AID01352,27.0,Male,China,Mexican,Mexican signature dish,Gold,Social Media,2,16,20,43.6,5.0,,1,65.5,1295,0
AID00667,62.0,Female,Italy,Mexican,Mexican signature dish,Platinum,Referral,2,7,2,51.44,2.7,Overpriced for the portion size we received.,1,46.4,744,1
AID00547,53.0,Female,Netherlands,Thai,Thai signature dish,Silver,Referral,5,10,3,35.25,4.0,Great value for money and the staff were very attentive.,0,87.9,970,1
AID00187,23.0,Female,Germany,Japanese,Japanese signature dish,Silver,Partner App,6,11,12,34.74,3.8,Service was slow and the order was incorrect.,1,40.6,596,1
AID00740,21.0,Male,France,Chinese,Chinese signature dish,Standard,Partner App,7,12,63,22.86,1.8,Service was slow and the order was incorrect.,0,63.6,613,1
AID00978,25.0,Male,United Arab Emirates,French,French signature dish,Silver,Partner App,6,6,82,62.27,4.8,,0,80.4,1214,0
AID00119,56.0,Male,Italy,Lebanese,Lebanese signature dish,Silver,Walk-in,6,10,26,45.19,4.9,Great value for money and the staff were very attentive.,1,73.5,1046,1
AID01295,51.0,Male,Turkey,Chinese,Chinese signature dish,Standard,Search Engine,6,12,4,46.45,3.7,,1,76.8,1033,0
AID00888,45.0,Female,France,Turkish,Turkish signature dish,Gold,Partner App,8,10,11,23.45,3.7,Service was slow and the order was incorrect.,1,58.8,1114,1
AID00180,50.0,Female,Nigeria,Indian,Indian signature dish,Silver,Referral,7,7,32,78.41,5.0,,1,70.9,1230,0
AID00352,40.0,Male,Australia,French,French signature dish,Standard,Advertisement,8,12,15,32.78,3.8,Service was slow and the order was incorrect.,1,65.4,117,1
AID00775,43.0,Prefer not to say,Spain,Turkish,Turkish signature dish,Standard,Social Media,4,8,12,23.41,5.0,One of the best dining experiences we have had this year.,0,16.3,789,1
AID00636,55.0,Non-binary,Australia,Brazilian,Brazilian signature dish,Silver,Advertisement,7,7,36,46.45,3.3,Very disappointed with the wait time and cold food.,0,54.1,158,1
AID00327,38.0,Male,France,Italian,Italian signature dish,Standard,Referral,1,9,35,56.59,3.9,,0,100.0,953,0
AID01045,46.0,Male,Brazil,Mexican,Mexican signature dish,Platinum,Search Engine,6,8,7,8.0,3.8,,0,83.4,1417,0
AID00375,38.0,Male,Germany,Moroccan,Moroccan signature dish,Silver,Search Engine,6,6,62,14.41,5.0,Fantastic service and the fusion menu was a great surprise.,0,61.5,770,1
AID00674,25.0,Prefer not to say,Spain,Turkish,Turkish signature dish,Silver,Walk-in,8,8,2,25.63,5.0,Great value for money and the staff were very attentive.,1,65.8,219,1
AID00201,70.0,Female,Netherlands,Thai,Thai signature dish,Gold,Walk-in,4,7,0,51.52,4.5,One of the best dining experiences we have had this year.,1,25.3,737,1
AID00778,47.0,Female,Italy,Chinese,Chinese signature dish,Standard,Partner App,4,8,47,39.17,3.5,Overpriced for the portion size we received.,0,56.9,582,1
AID01141,53.0,Female,United Kingdom,Chinese,Chinese signature dish,Platinum,Advertisement,4,12,109,31.76,3.1,Overpriced for the portion size we received.,1,60.2,644,1
AID00024,48.0,Female,Nigeria,Italian,Italian signature dish,Silver,Referral,12,12,28,68.97,1.9,Very disappointed with the wait time and cold food.,1,36.7,245,1
AID00641,66.0,Male,Turkey,Ethiopian,Ethiopian signature dish,Standard,Advertisement,5,6,43,34.31,3.3,"Would not recommend, the experience did not meet expectations.",1,98.3,897,1
AID01434,32.0,Male,France,Spanish,Spanish signature dish,Gold,Partner App,5,10,6,78.16,5.0,Fantastic service and the fusion menu was a great surprise.,1,30.4,1465,1
AID01080,49.0,Female,Brazil,Korean,Korean signature dish,Platinum,Social Media,0,8,250,40.11,3.9,,1,55.1,822,0
AID00638,26.0,Male,India,Brazilian,Brazilian signature dish,Silver,Search Engine,9,10,1,26.72,3.3,"Would not recommend, the experience did not meet expectations.",0,79.8,1492,1
AID00242,37.0,Male,Italy,Thai,Thai signature dish,Silver,Walk-in,4,9,17,38.57,4.8,,0,46.2,723,0
AID00173,45.0,Female,United Arab Emirates,Korean,Korean signature dish,Standard,Referral,4,6,42,40.51,4.0,One of the best dining experiences we have had this year.,0,27.7,853,1
AID01166,50.0,Male,Germany,Thai,Thai signature dish,Gold,Referral,4,9,123,39.88,4.9,,0,90.7,444,0
AID00652,59.0,Female,India,Spanish,Spanish signature dish,Silver,Advertisement,4,7,54,38.22,5.0,,0,73.6,514,0
AID01366,47.0,Male,China,Brazilian,Brazilian signature dish,Standard,Partner App,6,9,28,49.19,3.9,,1,53.7,1085,0
AID01018,31.0,Male,Australia,Korean,Korean signature dish,Standard,Referral,1,13,22,67.06,4.4,,0,31.3,929,0
AID01355,18.0,Male,Australia,Korean,Korean signature dish,Standard,Advertisement,10,11,20,21.46,2.2,Service was slow and the order was incorrect.,1,85.6,895,1
AID01203,40.0,Male,Japan,Spanish,Spanish signature dish,Gold,Social Media,4,10,3,33.61,4.8,Great value for money and the staff were very attentive.,1,77.9,245,1
AID01119,20.0,Male,United Arab Emirates,Japanese,Japanese signature dish,Silver,Social Media,7,9,19,23.28,3.8,Very disappointed with the wait time and cold food.,0,51.0,569,1
AID00559,23.0,Male,United Arab Emirates,Moroccan,Moroccan signature dish,Standard,Social Media,9,12,7,50.18,4.1,"The chef's tasting menu was outstanding, highly recommend.",0,54.2,331,1
AID01122,39.0,Prefer not to say,United Kingdom,French,French signature dish,Standard,Advertisement,5,5,28,58.0,4.8,Great value for money and the staff were very attentive.,1,60.4,1118,1
AID00014,44.0,Non-binary,United States,Italian,Italian signature dish,Standard,Partner App,4,11,24,13.16,4.1,One of the best dining experiences we have had this year.,1,59.6,1278,1
AID00109,45.0,Female,United Kingdom,Lebanese,Lebanese signature dish,Silver,Referral,2,6,106,33.27,4.2,,1,64.7,106,0
AID00368,38.0,Female,Spain,Indian,Indian signature dish,Silver,Advertisement,6,11,31,37.71,4.0,"The chef's tasting menu was outstanding, highly recommend.",0,52.3,574,1
AID01403,42.0,Female,Spain,Brazilian,Brazilian signature dish,Silver,Search Engine,3,5,1,37.07,3.8,,0,27.4,280,0
AID00263,35.0,Female,United Kingdom,Lebanese,Lebanese signature dish,Gold,Walk-in,16,16,25,52.12,4.4,,0,35.5,1350,0
AID01174,45.0,Female,Germany,Moroccan,Moroccan signature dish,Standard,Referral,7,11,47,62.99,4.5,"Absolutely loved the flavours, will definitely come back again.",0,61.4,954,1
AID00035,42.0,Female,Spain,Ethiopian,Ethiopian signature dish,Standard,Partner App,7,7,35,54.06,3.1,Overpriced for the portion size we received.,1,55.5,1083,1
AID01281,25.0,Female,United Kingdom,Chinese,Chinese signature dish,Standard,Partner App,7,11,5,20.65,2.4,Service was slow and the order was incorrect.,0,49.1,1072,1
AID00099,38.0,Female,Nigeria,Turkish,Turkish signature dish,Silver,Social Media,8,9,100,8.0,4.0,"The chef's tasting menu was outstanding, highly recommend.",1,83.2,450,1
AID00288,28.0,Male,Brazil,Ethiopian,Ethiopian signature dish,Gold,Walk-in,4,9,15,58.97,2.9,Very disappointed with the wait time and cold food.,0,57.5,1186,1
AID01282,45.0,Female,France,French,French signature dish,Standard,Advertisement,6,11,75,28.63,3.5,"Would not recommend, the experience did not meet expectations.",1,48.0,1266,1
AID01273,29.0,Female,United Arab Emirates,Lebanese,Lebanese signature dish,Standard,Referral,7,9,49,60.31,1.7,Very disappointed with the wait time and cold food.,0,33.2,841,1
AID00673,37.0,Female,Brazil,Thai,Thai signature dish,Silver,Walk-in,2,11,7,42.79,4.2,,1,95.7,704,0
AID01084,28.0,Female,Germany,Mexican,Mexican signature dish,Silver,Search Engine,6,6,10,40.47,3.6,"Would not recommend, the experience did not meet expectations.",1,43.7,566,1
AID00936,60.0,Female,Brazil,Brazilian,Brazilian signature dish,Standard,Search Engine,5,7,13,24.48,4.1,,1,77.0,566,0
AID01411,41.0,Male,India,Indian,Indian signature dish,Gold,Referral,4,14,22,44.09,3.5,Service was slow and the order was incorrect.,0,58.3,304,1
AID00279,47.0,Male,Australia,French,French signature dish,Silver,Partner App,7,12,0,32.75,4.8,One of the best dining experiences we have had this year.,0,42.9,1398,1
AID00326,44.0,Female,Nigeria,Greek,Greek signature dish,Standard,Walk-in,4,7,20,40.89,3.8,"Would not recommend, the experience did not meet expectations.",0,48.3,898,1
AID00761,36.0,Female,Brazil,Thai,Thai signature dish,Standard,Search Engine,6,11,9,47.14,4.0,"Absolutely loved the flavours, will definitely come back again.",1,56.1,595,1
AID00863,34.0,Male,Germany,Moroccan,Moroccan signature dish,Silver,Referral,12,12,24,20.79,2.7,"Would not recommend, the experience did not meet expectations.",0,69.6,1411,1
AID00025,27.0,Male,Nigeria,Italian,Italian signature dish,Standard,Referral,2,3,4,23.37,4.6,Fantastic service and the fusion menu was a great surprise.,0,34.6,463,1
AID00111,28.0,Male,United Kingdom,French,French signature dish,Platinum,Social Media,8,8,154,38.09,4.1,,0,96.2,847,0
AID00016,31.0,Female,United Kingdom,Thai,Thai signature dish,Silver,Referral,8,8,23,62.06,5.0,"Absolutely loved the flavours, will definitely come back again.",0,61.7,1470,1
AID00587,29.0,Female,Nigeria,Ethiopian,Ethiopian signature dish,Standard,Referral,6,6,80,41.11,4.0,,0,55.4,138,0
AID00899,18.0,Female,India,Turkish,Turkish signature dish,Gold,Social Media,2,6,19,29.15,4.4,"The chef's tasting menu was outstanding, highly recommend.",1,94.2,1455,1
AID00397,56.0,Female,Japan,Chinese,Chinese signature dish,Platinum,Search Engine,7,8,30,48.02,2.8,,0,58.1,919,0
AID01200,39.0,Female,Japan,Italian,Italian signature dish,Standard,Social Media,8,14,4,44.11,5.0,"The chef's tasting menu was outstanding, highly recommend.",1,89.1,887,1
AID00148,32.0,Female,Nigeria,Thai,Thai signature dish,Standard,Walk-in,6,11,9,39.57,3.1,Service was slow and the order was incorrect.,0,58.4,626,1
AID01319,56.0,Female,Germany,Spanish,Spanish signature dish,Standard,Walk-in,3,7,15,54.59,4.9,One of the best dining experiences we have had this year.,0,67.8,936,1
AID00869,43.0,Female,Germany,Korean,Korean signature dish,Standard,Referral,3,12,158,31.42,4.0,One of the best dining experiences we have had this year.,0,90.1,477,1
AID01087,56.0,Female,Germany,Turkish,Turkish signature dish,Standard,Search Engine,7,8,37,37.41,4.1,,0,69.4,454,0
AID00205,55.0,Female,India,Korean,Korean signature dish,Standard,Advertisement,4,7,56,80.4,3.9,"Would not recommend, the experience did not meet expectations.",0,47.0,654,1
AID00701,24.0,Female,Brazil,Turkish,Turkish signature dish,Platinum,Referral,3,10,67,35.58,3.5,Service was slow and the order was incorrect.,0,44.6,747,1
AID00743,39.0,Male,India,Moroccan,Moroccan signature dish,Standard,Referral,1,11,15,45.14,4.6,,0,65.1,15,0
AID00186,48.0,Male,United Kingdom,Turkish,Turkish signature dish,Standard,Search Engine,7,7,16,29.0,4.5,"The chef's tasting menu was outstanding, highly recommend.",0,39.6,1070,1
AID00260,40.0,Non-binary,Japan,Italian,Italian signature dish,Silver,Advertisement,4,8,11,33.12,3.5,,1,43.7,58,0
AID00501,46.0,Female,Brazil,Thai,Thai signature dish,Silver,Referral,5,6,0,31.63,3.3,,0,46.9,482,0
AID00657,32.0,Female,Brazil,Indian,Indian signature dish,Standard,Social Media,5,5,74,25.4,5.0,,0,55.5,686,0
AID01161,50.0,Male,Brazil,Indian,Indian signature dish,Standard,Referral,5,7,13,23.59,2.8,Overpriced for the portion size we received.,0,60.8,362,1
AID00100,30.0,Female,United Kingdom,Turkish,Turkish signature dish,Standard,Walk-in,8,8,40,46.67,3.9,Very disappointed with the wait time and cold food.,0,45.3,1150,1
AID00005,35.0,Male,Nigeria,French,French signature dish,Silver,Walk-in,4,9,2,20.6,3.9,"The chef's tasting menu was outstanding, highly recommend.",0,63.3,140,1
AID00489,31.0,Male,China,Ethiopian,Ethiopian signature dish,Silver,Referral,9,9,34,41.83,3.7,"Would not recommend, the experience did not meet expectations.",0,33.2,34,1
AID00047,42.0,Male,Spain,French,French signature dish,Silver,Advertisement,6,12,112,57.52,4.2,One of the best dining experiences we have had this year.,0,84.5,1254,1
AID00532,52.0,Male,United States,Ethiopian,Ethiopian signature dish,Standard,Partner App,5,9,41,19.63,4.5,,1,54.9,278,0
AID00716,36.0,Male,Turkey,Brazilian,Brazilian signature dish,Silver,Referral,4,8,31,39.17,3.9,Overpriced for the portion size we received.,0,39.1,334,1
AID00194,18.0,Male,China,Italian,Italian signature dish,Standard,Search Engine,6,7,27,50.14,4.8,Fantastic service and the fusion menu was a great surprise.,0,25.0,1014,1
AID00309,44.0,Male,United Kingdom,Ethiopian,Ethiopian signature dish,Standard,Referral,8,9,31,80.97,5.0,One of the best dining experiences we have had this year.,0,46.1,998,1
AID01464,30.0,Male,India,Indian,Indian signature dish,Silver,Social Media,6,10,19,11.56,4.6,"The chef's tasting menu was outstanding, highly recommend.",0,35.7,692,1
AID00190,42.0,Female,Nigeria,Spanish,Spanish signature dish,Silver,Referral,10,10,139,43.83,3.9,Very disappointed with the wait time and cold food.,0,64.5,458,1
AID00907,31.0,Female,Japan,Turkish,Turkish signature dish,Standard,Social Media,7,11,103,49.15,4.7,Fantastic service and the fusion menu was a great surprise.,0,56.1,739,1
AID00852,19.0,Non-binary,United Arab Emirates,Indian,Indian signature dish,Standard,Walk-in,10,10,12,36.68,3.9,Service was slow and the order was incorrect.,1,2.1,780,1
AID01458,31.0,Female,Spain,Turkish,Turkish signature dish,Standard,Walk-in,7,13,27,38.73,5.0,Great value for money and the staff were very attentive.,0,74.1,225,1
AID00984,27.0,Female,Netherlands,French,French signature dish,Standard,Referral,6,13,49,58.03,4.5,"Absolutely loved the flavours, will definitely come back again.",0,41.0,1073,1
AID00433,34.0,Male,United Arab Emirates,Moroccan,Moroccan signature dish,Standard,Search Engine,9,12,47,31.49,2.5,Service was slow and the order was incorrect.,1,67.3,1357,1
AID00599,18.0,Male,United Arab Emirates,Moroccan,Moroccan signature dish,Platinum,Social Media,9,9,13,42.15,4.7,"The chef's tasting menu was outstanding, highly recommend.",0,65.4,536,1
AID00379,36.0,Male,Netherlands,Ethiopian,Ethiopian signature dish,Silver,Walk-in,4,10,43,58.14,3.1,Overpriced for the portion size we received.,0,55.5,103,1
AID01368,35.0,Male,Turkey,Moroccan,Moroccan signature dish,Gold,Advertisement,6,8,94,39.55,4.6,"The chef's tasting menu was outstanding, highly recommend.",0,70.3,501,1
AID00519,18.0,Prefer not to say,Germany,Korean,Korean signature dish,Silver,Search Engine,5,11,24,55.29,3.7,"Would not recommend, the experience did not meet expectations.",0,76.1,1324,1
AID01099,46.0,Male,Netherlands,Thai,Thai signature dish,Standard,Partner App,6,7,15,10.42,4.8,Great value for money and the staff were very attentive.,1,85.2,15,1
AID00250,27.0,Female,United Kingdom,French,French signature dish,Standard,Advertisement,6,8,7,34.19,4.3,Great value for money and the staff were very attentive.,0,55.3,1341,1
AID00355,35.0,Prefer not to say,France,Moroccan,Moroccan signature dish,Standard,Walk-in,5,10,40,51.81,4.7,"The chef's tasting menu was outstanding, highly recommend.",0,43.8,845,1
AID00114,22.0,Female,China,Ethiopian,Ethiopian signature dish,Silver,Referral,7,7,2,53.25,4.4,One of the best dining experiences we have had this year.,0,45.0,1320,1
AID00314,38.0,Female,Brazil,Mexican,Mexican signature dish,Gold,Social Media,5,6,45,36.24,2.1,,1,70.2,985,0
AID00052,18.0,Female,Italy,Lebanese,Lebanese signature dish,Silver,Partner App,4,12,14,11.72,2.1,,0,66.1,1131,0
AID00468,34.0,Female,Turkey,Korean,Korean signature dish,Standard,Social Media,9,9,24,39.82,3.8,,1,34.3,731,0
AID00752,39.0,Female,Turkey,Greek,Greek signature dish,Silver,Search Engine,7,10,29,13.24,3.4,,1,40.1,191,0
AID00557,36.0,Male,United Kingdom,Lebanese,Lebanese signature dish,Standard,Search Engine,2,10,15,37.51,2.2,Overpriced for the portion size we received.,0,44.9,82,1
AID00548,56.0,Male,Japan,Moroccan,Moroccan signature dish,Standard,Partner App,7,13,74,46.66,4.6,Great value for money and the staff were very attentive.,0,100.0,1271,1
AID01447,38.0,Male,Germany,Indian,Indian signature dish,Gold,Advertisement,4,6,52,30.08,3.5,Service was slow and the order was incorrect.,0,60.1,623,1
AID01346,28.0,Female,Germany,Japanese,Japanese signature dish,Silver,Referral,4,5,24,32.68,3.1,"Would not recommend, the experience did not meet expectations.",1,79.9,92,1
AID01472,44.0,Female,Italy,Brazilian,Brazilian signature dish,Silver,Social Media,8,8,64,67.51,3.8,Overpriced for the portion size we received.,0,77.5,1327,1
AID00390,24.0,Female,Japan,Lebanese,Lebanese signature dish,Platinum,Walk-in,7,7,72,24.35,4.1,"Absolutely loved the flavours, will definitely come back again.",1,53.2,72,1
AID01363,40.0,Male,Italy,Spanish,Spanish signature dish,Standard,Referral,10,10,14,48.37,4.8,One of the best dining experiences we have had this year.,0,59.0,886,1
AID00370,56.0,Female,United Kingdom,Mexican,Mexican signature dish,Silver,Partner App,3,9,29,42.48,4.7,,0,40.2,214,0
AID00359,44.0,Male,Australia,Mexican,Mexican signature dish,Silver,Partner App,5,12,63,33.87,3.9,,0,69.4,983,0
AID00347,18.0,Male,Japan,Thai,Thai signature dish,Gold,Advertisement,7,12,20,34.97,3.5,Very disappointed with the wait time and cold food.,0,70.9,728,1
AID00393,24.0,Female,Italy,Mexican,Mexican signature dish,Standard,Referral,6,8,182,83.87,3.4,,1,55.7,280,0
AID00165,52.0,Male,Australia,French,French signature dish,Standard,Walk-in,2,9,146,51.01,4.2,,1,26.7,493,0
AID00413,48.0,Female,France,Japanese,Japanese signature dish,Gold,Referral,14,14,38,42.29,4.2,,0,68.9,763,0
AID00996,25.0,Female,United States,Ethiopian,Ethiopian signature dish,Silver,Search Engine,9,9,8,42.59,3.8,,0,38.6,1083,0
AID00208,40.0,Male,Spain,Chinese,Chinese signature dish,Standard,Social Media,4,5,2,29.38,5.0,,1,73.9,981,0
AID01189,50.0,Female,United States,Japanese,Japanese signature dish,Standard,Referral,7,7,93,53.88,5.0,,1,63.5,1358,0
AID00398,20.0,Female,Turkey,Indian,Indian signature dish,Silver,Walk-in,9,9,32,11.52,4.2,,0,64.2,781,0
AID01265,41.0,Male,Germany,Thai,Thai signature dish,Standard,Search Engine,8,9,10,48.15,3.8,"Would not recommend, the experience did not meet expectations.",1,72.2,807,1
AID00818,31.0,Male,Australia,Chinese,Chinese signature dish,Standard,Advertisement,10,10,23,18.01,3.4,Service was slow and the order was incorrect.,0,60.9,965,1
AID00452,39.0,Female,Spain,Spanish,Spanish signature dish,Silver,Partner App,5,5,86,31.3,3.2,"Would not recommend, the experience did not meet expectations.",0,61.5,86,1
AID01449,38.0,Female,France,Italian,Italian signature dish,Standard,Partner App,8,14,16,45.24,4.4,,1,49.0,609,0
AID00021,24.0,Male,India,Spanish,Spanish signature dish,Gold,Advertisement,9,9,40,34.37,3.4,Very disappointed with the wait time and cold food.,0,65.8,1176,1
AID00331,36.0,Female,United Kingdom,Ethiopian,Ethiopian signature dish,Silver,Partner App,7,10,119,43.33,4.3,,0,43.7,733,0
AID00505,27.0,Male,India,Chinese,Chinese signature dish,Standard,Social Media,9,11,7,46.37,3.6,Very disappointed with the wait time and cold food.,1,56.8,929,1
AID00867,67.0,Female,Australia,Moroccan,Moroccan signature dish,Standard,Partner App,3,11,23,59.66,5.0,"Absolutely loved the flavours, will definitely come back again.",0,43.3,1143,1
AID01021,35.0,Male,Japan,Lebanese,Lebanese signature dish,Gold,Partner App,7,9,47,36.77,2.7,Overpriced for the portion size we received.,0,85.9,1418,1
AID00857,24.0,Female,Japan,Moroccan,Moroccan signature dish,Silver,Advertisement,6,16,5,42.19,2.9,Very disappointed with the wait time and cold food.,0,46.0,455,1
AID01127,56.0,Female,India,Lebanese,Lebanese signature dish,Standard,Partner App,3,10,68,36.51,4.4,,0,61.1,240,0
AID00622,34.0,Male,Australia,French,French signature dish,Standard,Advertisement,3,9,55,71.26,3.9,Very disappointed with the wait time and cold food.,0,53.1,1381,1
AID01401,21.0,Male,Netherlands,Moroccan,Moroccan signature dish,Silver,Partner App,8,13,13,9.54,3.9,,0,42.1,276,0
AID00027,27.0,Male,United Arab Emirates,Indian,Indian signature dish,Silver,Partner App,9,9,22,55.32,3.5,,0,88.6,392,0
AID00757,44.0,Female,Italy,Lebanese,Lebanese signature dish,Standard,Referral,4,11,108,66.27,3.1,,0,64.0,956,0
AID01248,24.0,Female,Australia,French,French signature dish,Standard,Search Engine,6,7,26,55.86,3.7,,0,64.6,1072,0
AID01341,24.0,Female,France,Korean,Korean signature dish,Silver,Search Engine,2,7,4,53.21,4.1,"Absolutely loved the flavours, will definitely come back again.",0,38.4,352,1
AID01456,38.0,Male,United Arab Emirates,Thai,Thai signature dish,Gold,Social Media,5,14,118,37.41,3.9,"Would not recommend, the experience did not meet expectations.",1,61.7,419,1
AID00717,40.0,Male,United States,Moroccan,Moroccan signature dish,Silver,Walk-in,4,12,4,45.31,4.9,One of the best dining experiences we have had this year.,1,38.8,812,1
AID00542,44.0,Prefer not to say,Turkey,Lebanese,Lebanese signature dish,Gold,Search Engine,6,6,19,60.65,3.8,"Would not recommend, the experience did not meet expectations.",0,51.9,250,1
AID01338,28.0,Female,Australia,Moroccan,Moroccan signature dish,Standard,Social Media,7,10,54,45.63,3.4,"Would not recommend, the experience did not meet expectations.",0,47.6,835,1
AID01251,37.0,Male,Australia,Chinese,Chinese signature dish,Standard,Social Media,6,11,100,34.72,3.1,,1,52.3,148,0
AID01491,31.0,Female,China,Ethiopian,Ethiopian signature dish,Gold,Referral,3,11,25,54.54,4.5,Great value for money and the staff were very attentive.,0,45.6,916,1
AID00129,38.0,Male,United States,French,French signature dish,Standard,Walk-in,6,6,14,40.31,2.8,"Would not recommend, the experience did not meet expectations.",1,56.8,221,1
AID00287,39.0,Male,Australia,Korean,Korean signature dish,Standard,Partner App,5,7,26,86.56,4.3,,0,79.2,1389,0
AID00455,62.0,Female,France,Korean,Korean signature dish,Silver,Search Engine,10,10,60,44.66,3.2,,0,55.5,537,0
AID00876,67.0,Male,Brazil,Ethiopian,Ethiopian signature dish,Gold,Partner App,2,8,9,47.03,4.7,,0,79.0,97,0
AID00747,19.0,Female,Nigeria,Korean,Korean signature dish,Standard,Walk-in,6,13,18,55.12,2.6,"Would not recommend, the experience did not meet expectations.",1,23.0,668,1
AID01316,50.0,Male,Turkey,Turkish,Turkish signature dish,Standard,Referral,7,7,4,42.84,4.0,Great value for money and the staff were very attentive.,0,53.7,565,1
AID01253,43.0,Male,Turkey,Greek,Greek signature dish,Silver,Social Media,3,6,31,21.02,4.3,Great value for money and the staff were very attentive.,0,55.5,1057,1
AID00152,18.0,Male,Nigeria,Spanish,Spanish signature dish,Standard,Walk-in,5,6,22,37.75,4.0,,0,36.7,939,0
AID01425,22.0,Female,Brazil,Korean,Korean signature dish,Standard,Partner App,10,10,10,38.08,4.0,Fantastic service and the fusion menu was a great surprise.,0,75.6,1335,1
AID00672,46.0,Female,China,Ethiopian,Ethiopian signature dish,Silver,Referral,2,12,81,44.58,3.9,Overpriced for the portion size we received.,0,77.5,1263,1
AID00286,55.0,Female,Spain,Lebanese,Lebanese signature dish,Standard,Referral,2,4,24,21.72,2.9,,1,48.6,638,0
AID01450,34.0,Female,Netherlands,Thai,Thai signature dish,Standard,Walk-in,6,7,17,62.16,2.2,Very disappointed with the wait time and cold food.,0,49.0,193,1
AID00934,53.0,Male,Germany,Japanese,Japanese signature dish,Standard,Advertisement,7,11,24,30.08,5.0,,0,54.3,1251,0
AID01150,38.0,Male,China,Italian,Italian signature dish,Silver,Search Engine,3,9,12,54.01,3.5,Overpriced for the portion size we received.,0,70.1,1034,1
AID01133,44.0,Female,Germany,Japanese,Japanese signature dish,Silver,Search Engine,8,8,20,58.97,4.6,,0,31.3,25,0
AID00678,35.0,Female,Australia,Indian,Indian signature dish,Silver,Walk-in,12,12,49,48.56,2.5,Very disappointed with the wait time and cold food.,1,64.2,1403,1
AID00931,19.0,Female,Japan,Japanese,Japanese signature dish,Standard,Social Media,4,8,91,22.34,2.6,,0,43.1,441,0
AID01247,36.0,Male,Italy,Korean,Korean signature dish,Gold,Walk-in,6,14,83,40.15,4.3,Great value for money and the staff were very attentive.,0,46.3,423,1
AID01147,37.0,Female,Germany,Ethiopian,Ethiopian signature dish,Silver,Social Media,6,13,70,45.18,4.5,Great value for money and the staff were very attentive.,0,40.8,616,1
AID00665,52.0,Male,Brazil,Italian,Italian signature dish,Platinum,Partner App,7,13,78,68.09,3.8,,0,55.9,1252,0
AID00880,54.0,Female,United Arab Emirates,Korean,Korean signature dish,Gold,Search Engine,5,15,43,57.42,4.3,"The chef's tasting menu was outstanding, highly recommend.",0,55.0,476,1
AID00610,26.0,Male,Brazil,Ethiopian,Ethiopian signature dish,Standard,Referral,5,10,8,10.6,2.6,Service was slow and the order was incorrect.,0,43.2,880,1
AID01266,49.0,Female,Germany,Italian,Italian signature dish,Standard,Referral,7,11,41,59.8,2.8,Very disappointed with the wait time and cold food.,0,54.7,757,1
AID01483,36.0,Female,United States,Lebanese,Lebanese signature dish,Standard,Referral,1,7,55,53.58,3.7,Very disappointed with the wait time and cold food.,0,49.4,1476,1
AID00644,45.0,Female,Spain,Chinese,Chinese signature dish,Standard,Advertisement,7,11,3,14.7,3.5,Very disappointed with the wait time and cold food.,1,76.5,1332,1
AID00056,51.0,Female,Japan,Indian,Indian signature dish,Gold,Referral,4,13,110,41.69,5.0,Great value for money and the staff were very attentive.,0,41.1,1274,1
AID01432,47.0,Female,Italy,Indian,Indian signature dish,Standard,Partner App,3,10,9,64.93,4.0,One of the best dining experiences we have had this year.,1,90.4,1253,1
AID00661,32.0,Male,India,Chinese,Chinese signature dish,Standard,Social Media,9,12,55,54.58,3.5,,0,71.0,994,0
AID00738,42.0,Male,United Arab Emirates,Lebanese,Lebanese signature dish,Silver,Walk-in,3,9,24,38.96,3.3,Very disappointed with the wait time and cold food.,1,45.4,549,1
AID00345,32.0,Female,United States,Brazilian,Brazilian signature dish,Gold,Walk-in,4,8,86,41.09,4.9,,0,38.7,944,0
AID00964,59.0,Female,United Kingdom,Brazilian,Brazilian signature dish,Standard,Partner App,8,9,60,8.0,4.5,Fantastic service and the fusion menu was a great surprise.,0,52.3,1182,1
AID00889,64.0,Female,Nigeria,Italian,Italian signature dish,Standard,Advertisement,9,9,22,27.99,4.0,,0,79.8,841,0
AID00171,60.0,Male,Japan,Indian,Indian signature dish,Platinum,Partner App,5,5,89,30.51,3.1,,0,26.3,672,0
AID00588,42.0,Non-binary,United Arab Emirates,French,French signature dish,Standard,Partner App,9,14,29,25.55,4.4,Great value for money and the staff were very attentive.,0,100.0,919,1
AID01232,37.0,Male,India,Lebanese,Lebanese signature dish,Gold,Referral,2,7,40,15.25,3.1,Overpriced for the portion size we received.,1,33.0,940,1
AID01362,31.0,Female,China,Turkish,Turkish signature dish,Standard,Referral,9,10,49,42.59,3.2,Very disappointed with the wait time and cold food.,0,49.5,151,1
AID00784,73.0,Female,Turkey,Ethiopian,Ethiopian signature dish,Platinum,Partner App,8,8,92,38.34,3.7,Very disappointed with the wait time and cold food.,0,32.9,1131,1
AID00265,45.0,Female,United Kingdom,Brazilian,Brazilian signature dish,Standard,Partner App,14,14,14,57.73,4.7,,0,72.0,325,0
AID01003,44.0,Non-binary,Germany,Spanish,Spanish signature dish,Standard,Partner App,4,8,36,71.15,4.9,"The chef's tasting menu was outstanding, highly recommend.",0,55.5,145,1
AID00685,38.0,Male,Japan,Thai,Thai signature dish,Platinum,Social Media,7,15,69,47.32,4.9,"Absolutely loved the flavours, will definitely come back again.",0,46.5,869,1
AID00504,23.0,Non-binary,Spain,Indian,Indian signature dish,Gold,Partner App,6,6,89,61.7,4.2,"The chef's tasting menu was outstanding, highly recommend.",0,68.3,1197,1
AID00448,24.0,Female,France,Indian,Indian signature dish,Standard,Social Media,3,7,11,37.56,5.0,Fantastic service and the fusion menu was a great surprise.,1,38.2,742,1
AID00829,20.0,Male,France,Brazilian,Brazilian signature dish,Gold,Partner App,4,9,6,35.96,3.9,Very disappointed with the wait time and cold food.,1,46.8,1445,1
AID00325,38.0,Female,United Arab Emirates,Chinese,Chinese signature dish,Standard,Search Engine,5,15,30,32.59,3.8,Overpriced for the portion size we received.,0,55.5,1126,1
AID01308,31.0,Non-binary,Spain,Chinese,Chinese signature dish,Standard,Search Engine,3,11,16,49.75,3.7,,0,42.5,463,0
AID01379,21.0,Male,United States,Greek,Greek signature dish,Standard,Search Engine,3,11,11,59.58,5.0,Great value for money and the staff were very attentive.,0,35.9,1143,1
AID00756,43.0,Female,Brazil,Turkish,Turkish signature dish,Standard,Referral,8,12,10,42.29,4.0,Great value for money and the staff were very attentive.,0,83.6,412,1
AID01140,56.0,Female,China,Greek,Greek signature dish,Standard,Social Media,5,12,83,65.17,5.0,Great value for money and the staff were very attentive.,0,62.9,202,1
AID00507,23.0,Male,Brazil,Indian,Indian signature dish,Silver,Partner App,7,7,85,68.39,5.0,Great value for money and the staff were very attentive.,0,54.2,633,1
AID00214,57.0,Female,Germany,Japanese,Japanese signature dish,Gold,Walk-in,8,12,58,26.56,3.0,"The food was fine, nothing special but not bad either.",0,97.0,868,1
AID01075,25.0,Female,France,Spanish,Spanish signature dish,Silver,Advertisement,11,14,43,24.78,5.0,,1,96.2,844,0
AID01229,29.0,Female,United Arab Emirates,Chinese,Chinese signature dish,Standard,Advertisement,1,5,10,35.01,2.6,,1,55.5,282,0
AID01488,28.0,Female,Japan,Spanish,Spanish signature dish,Silver,Referral,5,6,24,54.53,2.7,Very disappointed with the wait time and cold food.,0,45.7,643,1
AID00431,40.0,Female,United Arab Emirates,Moroccan,Moroccan signature dish,Standard,Social Media,9,9,3,64.33,5.0,One of the best dining experiences we have had this year.,0,54.0,383,1
AID01115,21.0,Female,Japan,Italian,Italian signature dish,Standard,Search Engine,4,7,11,15.32,3.8,Very disappointed with the wait time and cold food.,1,62.5,208,1
AID00692,36.0,Female,India,Lebanese,Lebanese signature dish,Silver,Walk-in,5,10,9,56.95,3.2,Overpriced for the portion size we received.,1,71.4,1385,1
AID00200,44.0,Male,United States,Greek,Greek signature dish,Gold,Social Media,2,8,26,39.08,4.5,"The chef's tasting menu was outstanding, highly recommend.",1,65.6,341,1
AID01287,55.0,Female,Italy,Spanish,Spanish signature dish,Silver,Search Engine,7,10,40,72.24,4.1,Fantastic service and the fusion menu was a great surprise.,0,36.3,935,1
AID00919,31.0,Male,Australia,French,French signature dish,Standard,Search Engine,4,6,51,53.82,5.0,,1,50.2,791,0
AID00351,46.0,Male,Australia,Korean,Korean signature dish,Silver,Referral,7,11,52,60.51,3.3,,0,35.8,724,0
AID00883,28.0,Female,Brazil,Ethiopian,Ethiopian signature dish,Gold,Partner App,8,13,45,53.77,4.0,,0,30.9,366,0
AID00076,28.0,Prefer not to say,United Arab Emirates,Spanish,Spanish signature dish,Standard,Advertisement,4,4,55,33.8,4.1,One of the best dining experiences we have had this year.,0,29.4,586,1
AID00217,63.0,Female,Spain,Lebanese,Lebanese signature dish,Standard,Search Engine,8,8,27,20.92,4.0,One of the best dining experiences we have had this year.,1,49.9,886,1
AID00651,34.0,Female,Spain,Spanish,Spanish signature dish,Platinum,Search Engine,3,11,10,59.79,3.4,Very disappointed with the wait time and cold food.,1,52.8,188,1
AID00254,18.0,Female,India,Thai,Thai signature dish,Gold,Search Engine,5,10,85,39.6,4.4,One of the best dining experiences we have had this year.,0,89.4,882,1
AID00153,26.0,Male,Turkey,Ethiopian,Ethiopian signature dish,Silver,Referral,5,10,81,29.8,3.3,Very disappointed with the wait time and cold food.,1,50.5,1206,1
AID00195,40.0,Male,Germany,Moroccan,Moroccan signature dish,Silver,Walk-in,3,8,29,31.28,4.0,Fantastic service and the fusion menu was a great surprise.,0,100.0,1273,1
AID01451,43.0,Female,Turkey,Korean,Korean signature dish,Silver,Advertisement,7,7,22,39.83,3.1,Very disappointed with the wait time and cold food.,1,45.8,663,1
AID00531,44.0,Male,Nigeria,Thai,Thai signature dish,Standard,Walk-in,9,10,55,67.9,4.2,,0,60.5,369,0
AID00884,51.0,Male,France,Mexican,Mexican signature dish,Standard,Referral,3,10,5,52.12,4.4,"The chef's tasting menu was outstanding, highly recommend.",0,10.7,966,1
AID00069,60.0,Female,France,Lebanese,Lebanese signature dish,Gold,Search Engine,6,12,50,62.86,3.8,Overpriced for the portion size we received.,0,54.4,707,1
AID00131,23.0,Female,United States,Japanese,Japanese signature dish,Gold,Search Engine,7,7,10,53.93,3.1,Very disappointed with the wait time and cold food.,0,25.1,362,1
AID01204,32.0,Female,Japan,Brazilian,Brazilian signature dish,Standard,Partner App,13,13,74,47.69,3.6,,0,51.1,1263,0
AID01222,18.0,Male,Nigeria,Mexican,Mexican signature dish,Standard,Partner App,6,10,58,57.51,5.0,,0,88.4,500,0
AID00301,38.0,Female,Spain,Thai,Thai signature dish,Gold,Advertisement,7,9,27,62.74,2.8,"Would not recommend, the experience did not meet expectations.",1,55.5,528,1
AID00410,59.0,Female,United Arab Emirates,Lebanese,Lebanese signature dish,Silver,Social Media,7,7,7,44.12,5.0,,1,42.8,1234,0
AID01267,29.0,Male,United States,Lebanese,Lebanese signature dish,Gold,Search Engine,4,7,19,47.48,3.4,Very disappointed with the wait time and cold food.,0,64.1,1346,1
AID00735,42.0,Prefer not to say,United Kingdom,Lebanese,Lebanese signature dish,Standard,Walk-in,5,14,51,40.23,4.5,,0,48.8,653,0
AID00364,29.0,Female,Netherlands,Brazilian,Brazilian signature dish,Silver,Advertisement,6,8,10,85.15,4.2,,0,41.3,247,0
AID01369,51.0,Male,Spain,Japanese,Japanese signature dish,Platinum,Referral,8,8,44,53.05,5.0,"The chef's tasting menu was outstanding, highly recommend.",0,32.0,1238,1
AID00241,52.0,Female,Netherlands,Turkish,Turkish signature dish,Standard,Advertisement,7,8,33,49.53,4.2,,0,47.8,1069,0
AID01460,36.0,Female,Germany,Thai,Thai signature dish,Standard,Search Engine,9,16,7,56.71,1.9,Very disappointed with the wait time and cold food.,1,56.7,158,1
AID00572,46.0,Female,Spain,Turkish,Turkish signature dish,Silver,Social Media,7,9,3,35.58,5.0,Great value for money and the staff were very attentive.,0,62.2,40,1
AID00188,44.0,Male,Netherlands,Moroccan,Moroccan signature dish,Silver,Walk-in,8,8,115,54.94,4.4,"Absolutely loved the flavours, will definitely come back again.",0,28.1,830,1
AID01114,42.0,Male,United Kingdom,Brazilian,Brazilian signature dish,Standard,Walk-in,6,8,41,20.19,5.0,"Absolutely loved the flavours, will definitely come back again.",0,44.2,772,1
AID01349,25.0,Male,Turkey,Greek,Greek signature dish,Gold,Advertisement,6,8,31,60.72,2.8,,0,55.5,728,0
AID01057,28.0,Female,Netherlands,Mexican,Mexican signature dish,Standard,Advertisement,8,8,117,36.95,4.3,Great value for money and the staff were very attentive.,0,60.0,306,1
AID00741,42.0,Male,Japan,Indian,Indian signature dish,Standard,Social Media,7,10,70,42.19,3.9,Overpriced for the portion size we received.,1,50.2,463,1
AID01388,38.0,Prefer not to say,United Kingdom,Chinese,Chinese signature dish,Standard,Advertisement,4,9,58,25.61,3.2,Service was slow and the order was incorrect.,1,40.0,820,1
AID00303,39.0,Female,Nigeria,Korean,Korean signature dish,Standard,Social Media,8,9,65,68.68,3.0,"Decent experience overall, might try again sometime.",0,40.5,1119,1
AID00284,49.0,Female,Italy,Italian,Italian signature dish,Silver,Referral,7,8,12,78.18,4.3,"The chef's tasting menu was outstanding, highly recommend.",0,57.9,578,1
AID00518,29.0,Male,United States,Moroccan,Moroccan signature dish,Platinum,Advertisement,5,11,34,65.23,3.8,,0,50.1,1202,0
AID00621,41.0,Male,Nigeria,Japanese,Japanese signature dish,Silver,Search Engine,1,8,40,85.79,3.9,Service was slow and the order was incorrect.,0,29.8,874,1
AID01118,62.0,Female,Italy,Italian,Italian signature dish,Standard,Walk-in,9,9,23,18.92,3.0,"Decent experience overall, might try again sometime.",1,57.9,1340,1
AID00526,23.0,Female,China,Italian,Italian signature dish,Standard,Search Engine,4,8,9,25.59,4.0,"The chef's tasting menu was outstanding, highly recommend.",0,48.2,490,1
AID01076,53.0,Female,Nigeria,Indian,Indian signature dish,Gold,Referral,9,9,122,30.97,3.4,,0,55.5,211,0
AID00110,37.0,Male,Netherlands,Thai,Thai signature dish,Standard,Advertisement,3,9,31,26.22,3.3,Very disappointed with the wait time and cold food.,0,48.5,346,1
AID01322,37.0,Male,Italy,Korean,Korean signature dish,Standard,Social Media,7,7,15,36.47,3.5,Service was slow and the order was incorrect.,0,74.9,1258,1
AID00123,38.0,Male,Australia,Italian,Italian signature dish,Silver,Social Media,4,7,58,22.19,3.1,Very disappointed with the wait time and cold food.,1,41.3,1316,1
AID01225,18.0,Female,China,Italian,Italian signature dish,Silver,Partner App,8,13,8,59.68,5.0,Fantastic service and the fusion menu was a great surprise.,1,57.1,402,1
AID00281,18.0,Male,Netherlands,Ethiopian,Ethiopian signature dish,Silver,Social Media,9,12,18,79.5,4.1,Fantastic service and the fusion menu was a great surprise.,0,51.6,979,1
AID00563,27.0,Female,United States,Mexican,Mexican signature dish,Gold,Walk-in,9,9,49,19.05,4.4,Fantastic service and the fusion menu was a great surprise.,0,37.4,1298,1
AID00675,73.0,Male,United Kingdom,Chinese,Chinese signature dish,Gold,Search Engine,7,9,16,73.92,2.5,"Would not recommend, the experience did not meet expectations.",0,64.3,660,1
AID00511,24.0,Male,India,Greek,Greek signature dish,Standard,Walk-in,6,12,13,67.94,3.6,,0,22.7,316,0
AID00904,49.0,Male,United States,Indian,Indian signature dish,Platinum,Walk-in,1,10,24,43.42,4.9,Fantastic service and the fusion menu was a great surprise.,0,34.4,1091,1
AID00502,33.0,Male,Germany,Thai,Thai signature dish,Standard,Advertisement,5,12,17,36.07,3.1,"Would not recommend, the experience did not meet expectations.",0,73.6,255,1
AID00384,18.0,Male,United Arab Emirates,Brazilian,Brazilian signature dish,Standard,Advertisement,6,11,24,26.14,4.7,Great value for money and the staff were very attentive.,0,9.2,310,1
AID00453,18.0,Male,Netherlands,Mexican,Mexican signature dish,Silver,Search Engine,6,9,0,72.3,2.0,,0,12.7,1366,0
AID00807,55.0,Male,India,Moroccan,Moroccan signature dish,Platinum,Partner App,3,12,16,23.74,4.2,,0,58.2,1427,0
AID01094,60.0,Male,Brazil,Turkish,Turkish signature dish,Standard,Search Engine,6,9,12,37.88,5.0,"Absolutely loved the flavours, will definitely come back again.",1,66.1,1216,1
AID00682,46.0,Female,Germany,Ethiopian,Ethiopian signature dish,Standard,Search Engine,7,9,59,47.13,3.1,,1,23.4,1195,0
AID01302,40.0,Male,Brazil,Mexican,Mexican signature dish,Platinum,Partner App,5,7,50,37.65,4.3,Great value for money and the staff were very attentive.,0,83.2,728,1
AID01142,21.0,Female,Germany,Ethiopian,Ethiopian signature dish,Silver,Referral,5,9,38,36.46,4.1,"Absolutely loved the flavours, will definitely come back again.",1,57.6,856,1
AID00068,59.0,Male,United Arab Emirates,Lebanese,Lebanese signature dish,Standard,Referral,3,13,85,30.11,4.6,One of the best dining experiences we have had this year.,1,57.3,720,1
AID00700,45.0,Female,India,Greek,Greek signature dish,Standard,Search Engine,3,17,12,27.88,3.0,,0,25.1,851,0
AID00566,49.0,Male,Netherlands,Greek,Greek signature dish,Platinum,Social Media,7,7,19,52.08,4.1,,0,26.9,848,0
AID00485,54.0,Male,United Kingdom,Chinese,Chinese signature dish,Standard,Search Engine,2,5,21,56.72,2.1,"Would not recommend, the experience did not meet expectations.",0,74.4,797,1
AID00472,26.0,Female,Italy,Korean,Korean signature dish,Silver,Walk-in,3,9,36,24.24,3.6,Service was slow and the order was incorrect.,1,64.3,334,1
AID00821,35.0,Female,Japan,French,French signature dish,Gold,Partner App,6,7,48,39.72,3.6,Service was slow and the order was incorrect.,1,85.6,521,1
AID00839,52.0,Prefer not to say,United Kingdom,Ethiopian,Ethiopian signature dish,Standard,Search Engine,10,10,35,8.61,3.0,,1,29.7,718,0
AID00831,51.0,Male,India,French,French signature dish,Silver,Social Media,8,8,19,76.14,5.0,,0,9.6,274,0
AID00373,40.0,Male,France,Ethiopian,Ethiopian signature dish,Standard,Social Media,7,7,13,39.82,4.2,One of the best dining experiences we have had this year.,1,26.7,312,1
AID01365,18.0,Female,China,French,French signature dish,Gold,Walk-in,5,10,118,49.33,3.8,Overpriced for the portion size we received.,0,50.1,375,1
AID01283,54.0,Male,Turkey,Indian,Indian signature dish,Standard,Referral,9,14,1,28.3,5.0,One of the best dining experiences we have had this year.,1,45.6,954,1
AID00319,18.0,Female,United Arab Emirates,Ethiopian,Ethiopian signature dish,Standard,Search Engine,2,11,111,61.28,3.0,"Decent experience overall, might try again sometime.",0,49.1,407,1
AID00948,24.0,Male,United States,Korean,Korean signature dish,Standard,Referral,8,8,34,8.0,4.3,"The chef's tasting menu was outstanding, highly recommend.",0,55.5,1346,1
AID01334,41.0,Female,United Kingdom,Moroccan,Moroccan signature dish,Silver,Social Media,8,8,180,38.54,4.6,Great value for money and the staff were very attentive.,0,63.2,1172,1
AID00582,42.0,Male,United States,Moroccan,Moroccan signature dish,Silver,Referral,6,10,19,55.45,5.0,,1,42.8,644,0
AID01470,32.0,Non-binary,France,Lebanese,Lebanese signature dish,Standard,Partner App,8,10,20,42.19,4.2,,0,58.6,1377,0
AID00133,66.0,Non-binary,Brazil,Indian,Indian signature dish,Standard,Social Media,8,12,119,51.31,4.3,"Absolutely loved the flavours, will definitely come back again.",0,69.9,400,1
AID00713,50.0,Male,United Kingdom,Lebanese,Lebanese signature dish,Platinum,Walk-in,4,4,76,37.91,5.0,Fantastic service and the fusion menu was a great surprise.,0,46.7,1204,1
AID01211,36.0,Non-binary,Spain,Lebanese,Lebanese signature dish,Standard,Social Media,9,9,37,59.41,4.2,One of the best dining experiences we have had this year.,0,38.4,66,1
AID00427,60.0,Female,Netherlands,Chinese,Chinese signature dish,Standard,Walk-in,1,12,20,36.88,3.7,Overpriced for the portion size we received.,0,52.6,191,1
AID00736,50.0,Female,Nigeria,Turkish,Turkish signature dish,Silver,Social Media,5,8,18,36.41,5.0,,0,54.1,1156,0
AID01301,29.0,Female,United Arab Emirates,Japanese,Japanese signature dish,Standard,Search Engine,5,10,40,58.38,5.0,Fantastic service and the fusion menu was a great surprise.,0,44.9,679,1
AID00708,43.0,Female,France,Italian,Italian signature dish,Gold,Referral,8,8,21,26.25,1.5,Overpriced for the portion size we received.,0,61.6,949,1
AID00493,24.0,Male,China,Korean,Korean signature dish,Standard,Partner App,7,12,46,67.15,3.0,"It was okay, the ambience could be improved.",0,31.8,559,1
AID01329,39.0,Female,Turkey,Moroccan,Moroccan signature dish,Platinum,Social Media,6,10,42,52.11,3.6,,0,50.7,1056,0
AID00126,28.0,Female,Spain,French,French signature dish,Standard,Partner App,7,13,169,38.8,5.0,Great value for money and the staff were very attentive.,1,63.9,942,1
AID00607,35.0,Male,Brazil,Moroccan,Moroccan signature dish,Gold,Walk-in,9,9,12,25.49,4.1,Fantastic service and the fusion menu was a great surprise.,0,38.1,201,1
AID01106,50.0,Male,Germany,Korean,Korean signature dish,Standard,Walk-in,4,6,9,16.53,3.5,Very disappointed with the wait time and cold food.,0,84.2,991,1
AID00739,48.0,Male,United Arab Emirates,Japanese,Japanese signature dish,Standard,Partner App,3,4,21,39.54,5.0,"Absolutely loved the flavours, will definitely come back again.",0,80.4,678,1
AID00569,49.0,Male,Turkey,Mexican,Mexican signature dish,Silver,Walk-in,3,16,20,37.77,4.3,,0,66.0,75,0
AID00508,45.0,Female,United States,Lebanese,Lebanese signature dish,Silver,Walk-in,5,11,49,23.17,4.8,"The chef's tasting menu was outstanding, highly recommend.",0,43.4,1416,1
AID00387,41.0,Female,United States,Italian,Italian signature dish,Silver,Advertisement,3,10,63,52.37,4.1,Fantastic service and the fusion menu was a great surprise.,0,43.8,873,1
AID00290,24.0,Male,Nigeria,Greek,Greek signature dish,Standard,Advertisement,15,15,46,22.17,4.9,Fantastic service and the fusion menu was a great surprise.,1,59.5,885,1
AID00900,59.0,Male,United Kingdom,Italian,Italian signature dish,Silver,Referral,7,11,30,37.54,3.6,Very disappointed with the wait time and cold food.,0,45.9,931,1
AID01359,38.0,Non-binary,Germany,Spanish,Spanish signature dish,Standard,Partner App,8,12,23,39.25,4.0,Great value for money and the staff were very attentive.,1,78.9,97,1
AID00054,18.0,Female,Spain,Turkish,Turkish signature dish,Standard,Referral,5,5,49,8.0,2.5,Overpriced for the portion size we received.,0,73.9,390,1
AID00620,47.0,Female,Italy,Italian,Italian signature dish,Standard,Advertisement,3,9,68,56.41,3.1,Very disappointed with the wait time and cold food.,1,87.9,68,1
AID00611,27.0,Female,United Kingdom,Lebanese,Lebanese signature dish,Standard,Walk-in,6,8,27,33.75,2.8,Overpriced for the portion size we received.,0,37.0,904,1
AID01170,51.0,Female,Nigeria,French,French signature dish,Standard,Walk-in,3,9,44,53.41,2.4,,0,30.5,1363,0
AID00745,57.0,Male,United States,Ethiopian,Ethiopian signature dish,Standard,Walk-in,4,15,41,15.94,2.9,Very disappointed with the wait time and cold food.,0,89.2,712,1
AID00041,28.0,Male,France,French,French signature dish,Standard,Social Media,0,9,23,36.31,3.2,Overpriced for the portion size we received.,1,33.8,113,1
AID00340,19.0,Male,United States,Chinese,Chinese signature dish,Standard,Referral,5,6,16,25.36,3.7,,0,43.7,634,0
AID01392,46.0,Female,Germany,Mexican,Mexican signature dish,Standard,Referral,4,10,64,34.97,5.0,"The chef's tasting menu was outstanding, highly recommend.",1,39.4,633,1
AID00896,48.0,Male,United Kingdom,Brazilian,Brazilian signature dish,Gold,Partner App,5,14,59,79.78,5.0,One of the best dining experiences we have had this year.,1,48.7,1458,1
AID01195,38.0,Male,India,Lebanese,Lebanese signature dish,Gold,Social Media,4,9,26,54.64,3.4,,0,68.3,801,0
AID00670,41.0,Female,India,Japanese,Japanese signature dish,Standard,Partner App,6,13,34,79.87,4.4,,0,74.6,1322,0
AID00084,47.0,Female,India,Italian,Italian signature dish,Standard,Advertisement,6,7,24,60.16,5.0,Great value for money and the staff were very attentive.,0,71.1,451,1
AID00116,71.0,Male,United Kingdom,Moroccan,Moroccan signature dish,Silver,Partner App,12,12,47,77.68,4.0,,0,69.1,1217,0
AID01173,44.0,Female,Nigeria,Lebanese,Lebanese signature dish,Standard,Search Engine,9,11,78,47.57,5.0,,0,55.6,497,0
AID01014,50.0,Male,Australia,Italian,Italian signature dish,Standard,Social Media,5,7,12,37.79,3.7,,0,45.0,1109,0
AID00826,38.0,Female,Germany,Brazilian,Brazilian signature dish,Gold,Referral,5,11,33,88.38875,2.7,Overpriced for the portion size we received.,0,31.1,911,1
AID01455,33.0,Male,Italy,Greek,Greek signature dish,Silver,Walk-in,6,8,13,42.19,3.8,Overpriced for the portion size we received.,0,40.5,250,1
AID00684,57.0,Male,Nigeria,Italian,Italian signature dish,Standard,Social Media,4,7,128,70.21,3.3,,0,63.7,933,0
AID00271,42.0,Female,Nigeria,Chinese,Chinese signature dish,Platinum,Walk-in,4,11,20,52.0,4.3,"The chef's tasting menu was outstanding, highly recommend.",0,63.5,1491,1
AID00947,32.0,Male,United Kingdom,French,French signature dish,Standard,Walk-in,4,9,9,45.15,4.1,Great value for money and the staff were very attentive.,1,12.8,124,1
AID01270,27.0,Female,United States,Chinese,Chinese signature dish,Standard,Search Engine,10,10,38,21.17,3.6,"Would not recommend, the experience did not meet expectations.",1,51.2,387,1
AID01062,20.0,Male,France,Greek,Greek signature dish,Silver,Referral,8,9,12,34.34,2.9,Very disappointed with the wait time and cold food.,1,47.9,1215,1
AID00864,55.0,Female,Brazil,French,French signature dish,Gold,Walk-in,3,21,51,42.56,1.6,"Would not recommend, the experience did not meet expectations.",0,57.0,534,1
AID00378,34.0,Prefer not to say,Turkey,Italian,Italian signature dish,Standard,Walk-in,7,9,81,51.47,4.3,,1,19.4,599,0
AID01486,29.0,Female,Nigeria,French,French signature dish,Standard,Search Engine,6,6,124,67.11,4.3,"The chef's tasting menu was outstanding, highly recommend.",0,68.7,885,1
AID00097,34.0,Male,France,Indian,Indian signature dish,Platinum,Advertisement,1,9,23,30.51,3.5,,0,55.8,514,0
AID01063,38.0,Male,Turkey,Japanese,Japanese signature dish,Standard,Search Engine,6,10,63,27.25,2.8,"Would not recommend, the experience did not meet expectations.",0,43.1,1078,1
AID01123,42.0,Male,China,Brazilian,Brazilian signature dish,Platinum,Referral,8,8,29,43.63,4.7,"The chef's tasting menu was outstanding, highly recommend.",0,86.7,1379,1
AID01387,20.0,Male,United Kingdom,Indian,Indian signature dish,Silver,Walk-in,11,11,1,49.38,4.5,Fantastic service and the fusion menu was a great surprise.,0,29.7,667,1
AID00639,38.0,Female,United States,Chinese,Chinese signature dish,Silver,Advertisement,5,13,25,63.28,3.3,Very disappointed with the wait time and cold food.,1,76.8,25,1
AID00049,54.0,Non-binary,Italy,Spanish,Spanish signature dish,Platinum,Advertisement,7,7,80,25.59,4.2,One of the best dining experiences we have had this year.,0,46.2,149,1
AID00913,41.0,Female,Brazil,French,French signature dish,Gold,Partner App,6,8,15,40.72,4.6,Fantastic service and the fusion menu was a great surprise.,1,72.0,1267,1
AID01132,19.0,Female,Turkey,Korean,Korean signature dish,Silver,Walk-in,3,5,254,47.01,3.7,Very disappointed with the wait time and cold food.,0,55.5,1115,1
AID01318,18.0,Prefer not to say,Netherlands,Greek,Greek signature dish,Gold,Advertisement,4,7,70,76.98,4.7,,0,44.1,442,0
AID00154,27.0,Male,Germany,Korean,Korean signature dish,Standard,Social Media,9,11,42,55.7,3.9,,0,49.1,84,0
AID00238,18.0,Male,Turkey,Brazilian,Brazilian signature dish,Silver,Search Engine,5,9,2,30.09,5.0,"The chef's tasting menu was outstanding, highly recommend.",0,58.9,114,1
AID00055,42.0,Male,India,Lebanese,Lebanese signature dish,Standard,Walk-in,6,10,14,36.38,5.0,Great value for money and the staff were very attentive.,0,61.5,626,1
AID00395,51.0,Male,Brazil,Korean,Korean signature dish,Gold,Social Media,5,9,11,27.87,5.0,Fantastic service and the fusion menu was a great surprise.,0,22.1,1208,1
AID00124,23.0,Male,Japan,Chinese,Chinese signature dish,Silver,Advertisement,5,9,17,27.78,3.8,,0,52.2,1191,0
AID00356,33.0,Female,Turkey,Indian,Indian signature dish,Gold,Referral,6,9,58,31.98,4.5,Fantastic service and the fusion menu was a great surprise.,0,39.1,978,1
AID00432,53.0,Female,Turkey,Indian,Indian signature dish,Silver,Advertisement,3,7,16,50.33,3.8,"Would not recommend, the experience did not meet expectations.",0,55.0,900,1
AID00135,42.0,Male,Australia,Spanish,Spanish signature dish,Standard,Walk-in,10,10,29,44.91,3.5,Very disappointed with the wait time and cold food.,1,56.2,890,1
AID00269,37.0,Female,China,French,French signature dish,Standard,Search Engine,4,10,20,31.47,2.3,Service was slow and the order was incorrect.,1,39.1,771,1
AID00386,25.0,Female,United Kingdom,Brazilian,Brazilian signature dish,Silver,Search Engine,8,8,18,32.93,4.0,Fantastic service and the fusion menu was a great surprise.,0,64.7,857,1
AID00098,37.0,Male,India,Korean,Korean signature dish,Silver,Partner App,3,12,43,58.42,5.0,Fantastic service and the fusion menu was a great surprise.,0,0.2,926,1
AID00221,37.0,Male,Turkey,Lebanese,Lebanese signature dish,Silver,Walk-in,8,10,102,82.14,3.4,,0,52.2,905,0
AID00042,29.0,Female,Japan,Brazilian,Brazilian signature dish,Standard,Partner App,6,9,3,9.41,3.5,"Would not recommend, the experience did not meet expectations.",0,66.3,97,1
AID00220,49.0,Female,Netherlands,Lebanese,Lebanese signature dish,Standard,Walk-in,5,6,64,54.8,3.5,Service was slow and the order was incorrect.,1,50.7,1020,1
AID01216,34.0,Female,China,Turkish,Turkish signature dish,Standard,Advertisement,5,12,51,64.07,3.9,"Would not recommend, the experience did not meet expectations.",0,85.1,609,1
AID00886,47.0,Female,Nigeria,Chinese,Chinese signature dish,Standard,Referral,6,17,0,38.43,3.3,Overpriced for the portion size we received.,0,100.0,1477,1
AID01317,38.0,Female,United States,Spanish,Spanish signature dish,Silver,Advertisement,4,13,159,39.95,2.9,Very disappointed with the wait time and cold food.,1,76.9,1236,1
AID00849,39.0,Male,Turkey,Thai,Thai signature dish,Standard,Walk-in,8,8,2,49.95,3.2,Overpriced for the portion size we received.,0,64.4,143,1
AID01074,35.0,Female,Nigeria,Indian,Indian signature dish,Gold,Walk-in,7,7,22,10.74,5.0,"Absolutely loved the flavours, will definitely come back again.",1,36.6,1147,1
AID01028,47.0,Female,Brazil,Korean,Korean signature dish,Standard,Advertisement,10,12,103,39.08,3.1,Overpriced for the portion size we received.,1,82.6,1172,1
AID00013,30.0,Male,Nigeria,Lebanese,Lebanese signature dish,Gold,Search Engine,4,9,102,61.23,5.0,"Absolutely loved the flavours, will definitely come back again.",0,38.6,192,1
AID01436,18.0,Female,United Arab Emirates,Moroccan,Moroccan signature dish,Standard,Referral,7,12,17,57.11,2.5,Overpriced for the portion size we received.,0,66.3,1085,1
AID00586,26.0,Prefer not to say,United Arab Emirates,Thai,Thai signature dish,Platinum,Advertisement,8,14,12,40.77,3.5,Overpriced for the portion size we received.,0,22.9,274,1
AID01245,49.0,Male,France,Indian,Indian signature dish,Standard,Partner App,8,12,5,68.41,3.8,Overpriced for the portion size we received.,1,55.5,1009,1
AID01126,69.0,Female,United Arab Emirates,Turkish,Turkish signature dish,Gold,Walk-in,6,9,77,56.12,5.0,One of the best dining experiences we have had this year.,0,48.5,1228,1
AID00894,38.0,Male,Netherlands,Japanese,Japanese signature dish,Platinum,Partner App,6,10,27,51.36,2.3,Service was slow and the order was incorrect.,0,39.2,690,1
AID00800,25.0,Male,Italy,Korean,Korean signature dish,Silver,Referral,13,13,49,30.6,5.0,One of the best dining experiences we have had this year.,0,60.2,1377,1
AID00703,54.0,Female,China,Lebanese,Lebanese signature dish,Standard,Advertisement,8,21,56,43.14,5.0,One of the best dining experiences we have had this year.,1,53.3,908,1
AID00971,47.0,Female,Spain,Lebanese,Lebanese signature dish,Silver,Partner App,11,11,39,53.16,3.9,Overpriced for the portion size we received.,1,15.2,771,1
AID01344,34.0,Female,Nigeria,Chinese,Chinese signature dish,Standard,Referral,3,12,20,48.14,3.1,,1,46.6,1459,0
AID01145,52.0,Female,Turkey,Indian,Indian signature dish,Silver,Walk-in,6,6,21,45.54,3.8,Service was slow and the order was incorrect.,1,64.0,739,1
AID00968,49.0,Female,United Kingdom,Ethiopian,Ethiopian signature dish,Silver,Referral,6,6,0,31.09,2.5,Overpriced for the portion size we received.,1,56.6,735,1
AID01431,39.0,Male,Spain,Korean,Korean signature dish,Standard,Advertisement,8,8,11,56.72,4.1,Fantastic service and the fusion menu was a great surprise.,0,51.8,1480,1
AID01348,32.0,Male,United Kingdom,Greek,Greek signature dish,Standard,Advertisement,5,10,10,15.91,4.1,,0,55.0,902,0
AID00972,40.0,Male,China,Chinese,Chinese signature dish,Standard,Referral,8,10,81,22.24,5.0,One of the best dining experiences we have had this year.,0,69.3,420,1
AID01377,38.0,Female,France,Brazilian,Brazilian signature dish,Standard,Search Engine,6,9,26,37.71,5.0,,1,31.5,181,0
AID01158,36.0,Female,India,Ethiopian,Ethiopian signature dish,Standard,Walk-in,2,9,96,57.76,4.3,,0,63.0,1450,0
AID01085,18.0,Female,Nigeria,Indian,Indian signature dish,Silver,Partner App,6,6,40,58.77,3.1,"Would not recommend, the experience did not meet expectations.",0,55.5,292,1
AID00225,45.0,Female,China,Italian,Italian signature dish,Standard,Walk-in,5,13,49,41.42,3.9,,0,28.3,828,0
AID00337,46.0,Male,Japan,Thai,Thai signature dish,Standard,Partner App,7,7,4,15.5,2.6,"Would not recommend, the experience did not meet expectations.",1,70.4,108,1
AID00233,37.0,Male,India,Mexican,Mexican signature dish,Standard,Walk-in,1,8,42,71.67,4.1,One of the best dining experiences we have had this year.,0,76.7,923,1
AID00729,43.0,Female,Spain,Moroccan,Moroccan signature dish,Standard,Referral,4,13,148,46.88,1.8,Service was slow and the order was incorrect.,0,33.4,148,1
AID01419,47.0,Female,Australia,Turkish,Turkish signature dish,Silver,Advertisement,7,7,14,37.89,5.0,One of the best dining experiences we have had this year.,1,59.7,410,1
AID00705,18.0,Male,Italy,Ethiopian,Ethiopian signature dish,Silver,Search Engine,9,9,53,27.31,3.4,Overpriced for the portion size we received.,0,67.3,1034,1
AID00469,43.0,Male,Netherlands,Thai,Thai signature dish,Standard,Advertisement,3,7,206,61.26,4.8,,1,35.6,657,0
AID00732,40.0,Female,Brazil,French,French signature dish,Gold,Advertisement,11,11,81,20.4,3.7,"Would not recommend, the experience did not meet expectations.",0,16.3,1003,1
AID00758,60.0,Female,United States,Moroccan,Moroccan signature dish,Platinum,Walk-in,4,14,65,8.0,3.3,Overpriced for the portion size we received.,1,51.3,446,1
AID00649,43.0,Female,Brazil,Greek,Greek signature dish,Silver,Partner App,6,10,28,42.69,5.0,One of the best dining experiences we have had this year.,0,84.4,199,1
AID00298,18.0,Female,United Arab Emirates,Moroccan,Moroccan signature dish,Standard,Advertisement,12,12,41,21.34,3.9,Very disappointed with the wait time and cold food.,0,84.3,877,1
AID00881,50.0,Male,United Arab Emirates,Mexican,Mexican signature dish,Gold,Social Media,6,8,11,30.54,4.4,,1,100.0,383,0
AID01083,28.0,Male,India,Japanese,Japanese signature dish,Standard,Partner App,6,10,16,55.45,2.7,Overpriced for the portion size we received.,0,87.7,1318,1
AID00474,30.0,Female,United Arab Emirates,Lebanese,Lebanese signature dish,Platinum,Advertisement,7,16,7,48.97,4.0,Great value for money and the staff were very attentive.,0,73.5,1183,1
AID00858,33.0,Female,United Kingdom,Spanish,Spanish signature dish,Standard,Search Engine,7,11,119,25.82,3.6,,0,37.3,1335,0
AID00206,31.0,Female,Spain,Turkish,Turkish signature dish,Standard,Advertisement,4,8,33,43.62,4.7,One of the best dining experiences we have had this year.,1,56.6,1020,1
AID00004,43.0,Male,Brazil,Indian,Indian signature dish,Gold,Social Media,5,11,22,24.05,4.4,,0,43.1,1049,0
AID00923,44.0,Female,Netherlands,Ethiopian,Ethiopian signature dish,Platinum,Referral,8,10,58,29.53,4.1,Great value for money and the staff were very attentive.,0,19.9,647,1
AID00833,52.0,Female,Spain,Mexican,Mexican signature dish,Silver,Partner App,4,9,0,56.81,4.9,"The chef's tasting menu was outstanding, highly recommend.",1,55.3,1123,1
AID01396,18.0,Female,Spain,Brazilian,Brazilian signature dish,Standard,Walk-in,5,6,92,48.45,4.1,Great value for money and the staff were very attentive.,0,32.4,1498,1
AID00841,30.0,Male,United States,Lebanese,Lebanese signature dish,Standard,Partner App,5,7,58,36.02,3.8,"Would not recommend, the experience did not meet expectations.",0,72.0,1269,1
AID00748,42.0,Female,Turkey,Italian,Italian signature dish,Standard,Referral,4,6,62,43.51,5.0,"The chef's tasting menu was outstanding, highly recommend.",1,63.4,311,1
AID00921,28.0,Prefer not to say,India,Korean,Korean signature dish,Standard,Search Engine,5,7,31,26.05,5.0,"The chef's tasting menu was outstanding, highly recommend.",0,50.9,631,1
AID01276,53.0,Female,Australia,Spanish,Spanish signature dish,Silver,Social Media,8,8,88,52.46,5.0,"Absolutely loved the flavours, will definitely come back again.",0,56.0,696,1
AID00766,23.0,Female,United Kingdom,Chinese,Chinese signature dish,Standard,Referral,8,8,74,42.19,4.9,,1,31.9,1078,0
AID01023,19.0,Male,Japan,Italian,Italian signature dish,Silver,Referral,9,9,16,24.6,4.4,,0,68.6,1391,0
AID01465,18.0,Female,Japan,Spanish,Spanish signature dish,Gold,Referral,7,7,81,26.61,2.7,"Would not recommend, the experience did not meet expectations.",0,31.0,1121,1
AID00914,49.0,Female,United Arab Emirates,Mexican,Mexican signature dish,Standard,Referral,2,9,28,22.54,2.6,"Would not recommend, the experience did not meet expectations.",1,37.3,510,1
AID01022,18.0,Female,China,Italian,Italian signature dish,Standard,Referral,3,10,27,48.83,4.5,,0,73.6,374,0
AID01221,18.0,Prefer not to say,United Kingdom,Turkish,Turkish signature dish,Standard,Referral,8,8,21,42.19,3.9,Service was slow and the order was incorrect.,0,43.6,634,1
AID00957,37.0,Male,Germany,Chinese,Chinese signature dish,Standard,Referral,5,14,7,36.24,5.0,Fantastic service and the fusion menu was a great surprise.,0,57.5,1256,1
AID00631,29.0,Non-binary,China,Mexican,Mexican signature dish,Standard,Social Media,2,3,5,79.01,3.8,"Would not recommend, the experience did not meet expectations.",0,48.1,665,1
AID00699,41.0,Female,Australia,Chinese,Chinese signature dish,Standard,Walk-in,7,10,24,33.62,4.4,"Absolutely loved the flavours, will definitely come back again.",1,65.4,1484,1
AID00814,56.0,Male,Spain,Moroccan,Moroccan signature dish,Gold,Social Media,10,10,3,66.19,4.6,Fantastic service and the fusion menu was a great surprise.,0,45.2,698,1
AID00158,42.0,Male,United Arab Emirates,Mexican,Mexican signature dish,Standard,Partner App,2,12,49,33.18,5.0,"The chef's tasting menu was outstanding, highly recommend.",0,47.8,650,1
AID00463,42.0,Female,Netherlands,Italian,Italian signature dish,Standard,Social Media,9,10,164,27.42,2.1,"Would not recommend, the experience did not meet expectations.",0,34.7,1119,1
AID00161,52.0,Male,Japan,Greek,Greek signature dish,Standard,Walk-in,7,13,14,55.19,2.8,"Would not recommend, the experience did not meet expectations.",0,42.9,443,1
AID00306,34.0,Female,China,Greek,Greek signature dish,Standard,Social Media,8,8,146,45.15,2.8,Service was slow and the order was incorrect.,0,63.3,351,1
AID00396,44.0,Female,Brazil,Moroccan,Moroccan signature dish,Standard,Referral,3,10,104,64.98,4.6,Fantastic service and the fusion menu was a great surprise.,0,100.0,1062,1
AID00400,36.0,Female,Australia,Turkish,Turkish signature dish,Standard,Walk-in,3,10,3,40.69,3.9,Great value for money and the staff were very attentive.,0,100.0,273,1
AID01165,31.0,Prefer not to say,China,Japanese,Japanese signature dish,Gold,Search Engine,6,6,158,60.86,4.2,One of the best dining experiences we have had this year.,0,37.0,1361,1
AID00612,34.0,Female,China,Brazilian,Brazilian signature dish,Gold,Partner App,6,10,19,60.68,4.5,"The chef's tasting menu was outstanding, highly recommend.",0,64.0,560,1
AID01042,30.0,Male,India,Japanese,Japanese signature dish,Standard,Referral,2,12,271,45.43,2.5,Overpriced for the portion size we received.,0,57.9,729,1
AID01271,51.0,Female,Germany,Korean,Korean signature dish,Standard,Partner App,3,7,26,46.15,5.0,,0,73.3,750,0
AID01393,20.0,Non-binary,United States,Korean,Korean signature dish,Platinum,Social Media,6,9,5,30.93,2.7,,0,65.8,963,0
AID01024,40.0,Female,Italy,Mexican,Mexican signature dish,Gold,Partner App,6,12,6,56.28,3.4,Service was slow and the order was incorrect.,1,81.9,62,1
AID01000,43.0,Male,Germany,Mexican,Mexican signature dish,Gold,Search Engine,5,5,7,78.89,3.8,Very disappointed with the wait time and cold food.,0,55.5,1478,1
AID00702,29.0,Female,Germany,Lebanese,Lebanese signature dish,Gold,Partner App,8,9,46,36.9,4.7,"The chef's tasting menu was outstanding, highly recommend.",0,70.8,190,1
AID00458,25.0,Female,Australia,French,French signature dish,Platinum,Advertisement,3,9,31,75.38,4.3,,0,85.7,1497,0
AID00805,35.0,Female,Japan,Thai,Thai signature dish,Gold,Walk-in,6,6,49,36.32,3.1,,1,25.9,1138,0
AID00479,56.0,Female,United Arab Emirates,Brazilian,Brazilian signature dish,Silver,Social Media,6,8,9,39.73,3.4,,0,55.9,508,0
AID01125,34.0,Male,Spain,Mexican,Mexican signature dish,Platinum,Walk-in,6,10,96,71.47,3.2,"Would not recommend, the experience did not meet expectations.",0,88.3,897,1
AID01405,38.0,Non-binary,United Arab Emirates,Moroccan,Moroccan signature dish,Gold,Partner App,10,10,57,77.51,3.5,"Would not recommend, the experience did not meet expectations.",1,31.6,963,1
AID00986,18.0,Male,Brazil,Italian,Italian signature dish,Platinum,Advertisement,5,8,62,70.76,4.3,,0,42.4,620,0
AID01078,32.0,Female,Germany,Moroccan,Moroccan signature dish,Standard,Social Media,4,10,12,8.0,4.2,,0,83.4,645,0
AID01233,40.0,Female,United Arab Emirates,Italian,Italian signature dish,Gold,Walk-in,5,5,54,73.97,3.9,"Would not recommend, the experience did not meet expectations.",0,63.6,551,1
AID00348,34.0,Male,Netherlands,Indian,Indian signature dish,Silver,Partner App,8,12,16,61.52,3.9,Very disappointed with the wait time and cold food.,0,71.9,123,1
AID00447,34.0,Male,Australia,Japanese,Japanese signature dish,Silver,Social Media,7,11,7,43.31,2.7,,0,55.0,235,0
AID01358,34.0,Female,Brazil,Lebanese,Lebanese signature dish,Standard,Social Media,5,10,110,26.15,5.0,,0,68.4,1457,0
AID00380,23.0,Male,Spain,Korean,Korean signature dish,Gold,Walk-in,5,12,7,42.19,3.9,Very disappointed with the wait time and cold food.,0,23.6,822,1
AID01314,54.0,Female,Spain,Indian,Indian signature dish,Standard,Partner App,6,15,53,82.33,5.0,Fantastic service and the fusion menu was a great surprise.,0,47.8,1035,1
AID01179,19.0,Prefer not to say,Netherlands,Japanese,Japanese signature dish,Silver,Referral,4,9,61,38.59,3.3,Overpriced for the portion size we received.,0,69.1,1206,1
AID00554,45.0,Prefer not to say,India,Korean,Korean signature dish,Platinum,Walk-in,3,14,14,36.68,4.6,"The chef's tasting menu was outstanding, highly recommend.",0,37.2,414,1
AID00232,52.0,Female,India,Greek,Greek signature dish,Platinum,Partner App,8,8,44,32.64,4.6,"The chef's tasting menu was outstanding, highly recommend.",0,1.8,1116,1
AID00383,43.0,Female,United States,Thai,Thai signature dish,Silver,Advertisement,5,11,49,46.06,2.5,"Would not recommend, the experience did not meet expectations.",1,76.2,850,1
AID00803,41.0,Male,France,Chinese,Chinese signature dish,Standard,Partner App,5,9,97,41.05,4.0,One of the best dining experiences we have had this year.,1,46.1,123,1
AID00073,34.0,Female,Germany,French,French signature dish,Standard,Search Engine,4,9,23,80.18,3.2,Service was slow and the order was incorrect.,0,55.7,297,1
AID00071,48.0,Female,Turkey,Thai,Thai signature dish,Standard,Social Media,8,11,11,41.5,4.8,"The chef's tasting menu was outstanding, highly recommend.",0,80.2,408,1
AID01300,34.0,Male,Germany,Chinese,Chinese signature dish,Silver,Advertisement,4,11,119,61.54,3.9,Great value for money and the staff were very attentive.,1,54.8,1361,1
AID00594,42.0,Male,United Arab Emirates,Spanish,Spanish signature dish,Gold,Referral,8,10,42,78.02,5.0,,0,39.0,138,0
AID00172,44.0,Female,China,Thai,Thai signature dish,Standard,Referral,3,3,3,70.91,4.8,,0,49.8,449,0
AID00169,51.0,Female,United Kingdom,Turkish,Turkish signature dish,Standard,Walk-in,7,7,2,42.19,2.5,,0,55.1,506,0
AID00494,40.0,Prefer not to say,Australia,Ethiopian,Ethiopian signature dish,Silver,Search Engine,5,8,31,47.32,4.4,Great value for money and the staff were very attentive.,0,55.5,65,1
AID00596,24.0,Female,Spain,Korean,Korean signature dish,Standard,Social Media,1,10,5,38.57,4.2,"The chef's tasting menu was outstanding, highly recommend.",0,67.1,1381,1
AID00993,31.0,Male,United Arab Emirates,Indian,Indian signature dish,Standard,Search Engine,4,7,116,64.76,3.9,,1,12.8,1204,0
AID00273,54.0,Female,France,Chinese,Chinese signature dish,Silver,Social Media,7,7,11,55.09,3.3,,0,24.5,1132,0
AID00946,59.0,Male,United Kingdom,Mexican,Mexican signature dish,Standard,Search Engine,2,5,3,27.66,3.7,Service was slow and the order was incorrect.,0,71.0,62,1
AID00421,33.0,Female,India,Greek,Greek signature dish,Standard,Partner App,6,7,6,39.63,3.7,Service was slow and the order was incorrect.,0,56.5,810,1
AID00095,27.0,Prefer not to say,Japan,Spanish,Spanish signature dish,Silver,Partner App,7,8,18,61.73,5.0,"The chef's tasting menu was outstanding, highly recommend.",0,59.9,1462,1
AID01402,49.0,Female,France,Thai,Thai signature dish,Silver,Social Media,6,10,39,85.05,5.0,"The chef's tasting menu was outstanding, highly recommend.",0,40.8,195,1
AID00872,30.0,Female,United Kingdom,Indian,Indian signature dish,Standard,Advertisement,9,10,51,44.59,5.0,,0,46.2,192,0
AID00043,41.0,Female,Spain,Moroccan,Moroccan signature dish,Standard,Walk-in,3,13,13,23.98,4.7,Great value for money and the staff were very attentive.,0,89.8,883,1
AID00057,42.0,Female,Nigeria,Mexican,Mexican signature dish,Standard,Walk-in,9,10,22,29.42,3.1,"Would not recommend, the experience did not meet expectations.",0,79.6,1441,1
AID01212,34.0,Female,Brazil,Mexican,Mexican signature dish,Platinum,Social Media,4,18,61,48.0,5.0,,1,65.4,386,0
AID00792,18.0,Female,Spain,Greek,Greek signature dish,Standard,Referral,3,9,83,54.87,4.6,One of the best dining experiences we have had this year.,0,48.5,832,1
AID00039,35.0,Female,Nigeria,Brazilian,Brazilian signature dish,Standard,Partner App,7,7,37,42.07,3.7,"Would not recommend, the experience did not meet expectations.",1,75.6,1293,1
AID00307,25.0,Male,United Arab Emirates,Thai,Thai signature dish,Standard,Partner App,1,11,104,59.15,2.4,Overpriced for the portion size we received.,0,76.7,478,1
AID01175,25.0,Female,Turkey,Mexican,Mexican signature dish,Silver,Walk-in,5,8,104,42.19,4.9,Great value for money and the staff were very attentive.,1,29.5,1495,1
AID00875,49.0,Male,India,Japanese,Japanese signature dish,Silver,Partner App,2,7,79,48.24,5.0,Great value for money and the staff were very attentive.,1,71.4,903,1
AID00409,26.0,Female,Nigeria,Chinese,Chinese signature dish,Standard,Walk-in,4,10,29,15.46,4.7,,0,50.6,1266,0
AID00167,30.0,Female,Netherlands,Korean,Korean signature dish,Standard,Partner App,6,10,4,38.79,2.5,Overpriced for the portion size we received.,0,26.2,633,1
AID00535,29.0,Female,Spain,Chinese,Chinese signature dish,Standard,Walk-in,4,10,144,8.0,3.8,Overpriced for the portion size we received.,0,61.7,1239,1
AID01408,25.0,Male,United States,Moroccan,Moroccan signature dish,Standard,Advertisement,8,8,4,37.65,3.6,Service was slow and the order was incorrect.,0,61.0,1131,1
AID01443,24.0,Male,Turkey,Korean,Korean signature dish,Silver,Referral,7,11,85,8.0,2.9,Service was slow and the order was incorrect.,1,62.5,1421,1
AID01082,44.0,Female,Italy,Chinese,Chinese signature dish,Standard,Referral,3,9,88,17.93,3.9,,1,69.0,1135,0
AID01433,48.0,Female,United Kingdom,Thai,Thai signature dish,Silver,Partner App,7,12,26,79.63,5.0,One of the best dining experiences we have had this year.,1,56.3,1427,1
AID01468,18.0,Female,Nigeria,Lebanese,Lebanese signature dish,Standard,Advertisement,5,7,77,42.19,4.3,Great value for money and the staff were very attentive.,0,8.1,770,1
AID00721,55.0,Female,Nigeria,French,French signature dish,Gold,Partner App,8,10,10,76.3,3.3,,0,35.7,381,0
AID00317,27.0,Female,Germany,Thai,Thai signature dish,Standard,Search Engine,10,10,97,26.05,5.0,,1,60.2,602,0
AID01500,25.0,Male,Nigeria,Thai,Thai signature dish,Platinum,Search Engine,8,10,102,47.29,3.0,"Service was average, took a while to get our order.",1,44.7,152,1
AID01305,38.0,Female,Brazil,Chinese,Chinese signature dish,Platinum,Referral,6,6,15,18.36,2.5,Overpriced for the portion size we received.,0,57.7,1462,1
AID00517,38.0,Male,United States,Lebanese,Lebanese signature dish,Silver,Social Media,7,8,1,28.33,4.6,Great value for money and the staff were very attentive.,0,65.4,1372,1
AID00653,53.0,Female,Turkey,Japanese,Japanese signature dish,Silver,Social Media,6,11,19,31.55,2.9,Very disappointed with the wait time and cold food.,1,71.1,1473,1
AID00534,21.0,Male,India,Chinese,Chinese signature dish,Silver,Partner App,9,9,88,29.94,3.8,Very disappointed with the wait time and cold food.,0,5.4,137,1
AID00669,29.0,Male,Spain,Korean,Korean signature dish,Gold,Walk-in,1,15,47,47.24,4.5,"Absolutely loved the flavours, will definitely come back again.",0,55.8,597,1
AID01079,28.0,Prefer not to say,Italy,Greek,Greek signature dish,Standard,Search Engine,6,6,66,44.8,4.3,One of the best dining experiences we have had this year.,0,52.4,664,1
AID01012,49.0,Female,Netherlands,Spanish,Spanish signature dish,Standard,Advertisement,7,16,4,63.53,4.4,Fantastic service and the fusion menu was a great surprise.,0,51.4,137,1
AID00549,47.0,Non-binary,Brazil,Moroccan,Moroccan signature dish,Silver,Referral,6,8,6,33.57,4.7,One of the best dining experiences we have had this year.,0,34.2,228,1
AID00454,18.0,Male,Spain,Mexican,Mexican signature dish,Standard,Walk-in,7,8,14,55.71,4.3,"Absolutely loved the flavours, will definitely come back again.",0,62.2,414,1
AID01239,55.0,Female,United Kingdom,Chinese,Chinese signature dish,Standard,Social Media,3,5,157,88.38875,2.6,Overpriced for the portion size we received.,0,46.0,1461,1
AID00666,18.0,Female,United Arab Emirates,Mexican,Mexican signature dish,Standard,Social Media,7,7,8,51.61,3.9,,0,50.4,1173,0
AID00571,50.0,Male,France,Turkish,Turkish signature dish,Gold,Walk-in,5,8,5,51.5,5.0,One of the best dining experiences we have had this year.,0,74.2,50,1
AID00659,38.0,Male,Australia,Thai,Thai signature dish,Standard,Referral,4,7,43,61.26,5.0,"Absolutely loved the flavours, will definitely come back again.",1,17.9,570,1
AID00062,45.0,Female,Japan,Thai,Thai signature dish,Silver,Advertisement,10,10,35,37.34,3.7,Service was slow and the order was incorrect.,1,42.2,1251,1
AID01048,36.0,Female,Netherlands,Japanese,Japanese signature dish,Standard,Search Engine,7,10,6,41.96,3.7,Very disappointed with the wait time and cold food.,0,30.7,1010,1
AID00537,19.0,Male,Netherlands,Greek,Greek signature dish,Standard,Partner App,8,10,76,15.2,4.0,,1,55.4,459,0
AID01350,31.0,Female,Nigeria,Ethiopian,Ethiopian signature dish,Standard,Partner App,4,10,5,29.21,3.7,,1,61.4,46,0
AID01129,30.0,Female,Spain,Greek,Greek signature dish,Gold,Walk-in,6,11,165,31.35,4.4,,1,53.5,165,0
AID00245,33.0,Female,India,Mexican,Mexican signature dish,Standard,Social Media,9,9,54,27.83,3.4,"Would not recommend, the experience did not meet expectations.",0,78.4,335,1
AID00026,47.0,Female,United States,Mexican,Mexican signature dish,Silver,Referral,3,3,30,47.01,2.5,,0,75.0,87,0
AID00223,38.0,Male,Japan,Ethiopian,Ethiopian signature dish,Standard,Referral,5,9,1,39.02,3.4,Very disappointed with the wait time and cold food.,0,55.5,682,1
AID01475,19.0,Female,China,Lebanese,Lebanese signature dish,Silver,Social Media,7,8,152,40.07,4.8,One of the best dining experiences we have had this year.,1,44.6,891,1
AID00106,38.0,Female,Brazil,Korean,Korean signature dish,Standard,Social Media,6,6,1,39.59,4.5,,1,68.5,34,0
AID01286,35.0,Female,Australia,Italian,Italian signature dish,Standard,Walk-in,4,11,97,47.46,5.0,"The chef's tasting menu was outstanding, highly recommend.",0,42.1,826,1
AID00510,30.0,Male,Germany,Lebanese,Lebanese signature dish,Standard,Social Media,4,7,19,12.5,4.2,"Absolutely loved the flavours, will definitely come back again.",1,38.1,19,1
AID00132,42.0,Female,Italy,Spanish,Spanish signature dish,Standard,Social Media,4,13,1,16.41,3.2,"Would not recommend, the experience did not meet expectations.",1,79.7,1395,1
AID00445,46.0,Male,United Kingdom,Chinese,Chinese signature dish,Standard,Walk-in,8,8,70,47.15,3.5,Very disappointed with the wait time and cold food.,0,76.4,1477,1
AID01019,46.0,Female,Nigeria,Thai,Thai signature dish,Standard,Walk-in,4,12,8,45.95,1.3,Overpriced for the portion size we received.,0,59.4,1202,1
AID00509,38.0,Male,Turkey,Chinese,Chinese signature dish,Gold,Advertisement,4,8,5,70.18,5.0,One of the best dining experiences we have had this year.,0,43.3,853,1
AID00037,30.0,Male,United Arab Emirates,Spanish,Spanish signature dish,Silver,Partner App,6,9,19,65.74,2.6,Overpriced for the portion size we received.,1,49.5,26,1
AID01367,18.0,Female,France,Italian,Italian signature dish,Standard,Search Engine,4,7,183,77.85,4.4,,0,64.9,1388,0
AID00058,19.0,Female,United Arab Emirates,Moroccan,Moroccan signature dish,Standard,Referral,7,14,200,33.12,3.5,Very disappointed with the wait time and cold food.,1,28.2,1301,1
AID00197,36.0,Female,United States,Brazilian,Brazilian signature dish,Silver,Referral,6,6,52,37.16,3.8,,0,65.2,99,0
AID01258,48.0,Female,Netherlands,Ethiopian,Ethiopian signature dish,Standard,Referral,4,10,28,43.05,4.3,"The chef's tasting menu was outstanding, highly recommend.",0,81.1,49,1
AID01360,33.0,Female,Japan,Italian,Italian signature dish,Standard,Social Media,5,9,23,33.07,2.9,Overpriced for the portion size we received.,1,69.6,823,1
AID01198,59.0,Female,Italy,Spanish,Spanish signature dish,Silver,Search Engine,9,9,114,54.0,5.0,"The chef's tasting menu was outstanding, highly recommend.",0,91.5,846,1
AID00681,28.0,Female,Brazil,French,French signature dish,Gold,Walk-in,7,13,69,30.68,3.5,Overpriced for the portion size we received.,0,98.5,1495,1
AID00478,34.0,Male,Brazil,Lebanese,Lebanese signature dish,Silver,Social Media,8,12,25,19.92,2.5,"Would not recommend, the experience did not meet expectations.",0,61.2,1473,1
AID00087,26.0,Male,Japan,Mexican,Mexican signature dish,Standard,Search Engine,15,15,42,60.69,2.5,Overpriced for the portion size we received.,0,42.9,1079,1
AID00562,38.0,Female,Italy,Mexican,Mexican signature dish,Standard,Advertisement,6,7,23,33.66,3.5,,0,37.4,916,0
AID00335,18.0,Male,India,French,French signature dish,Silver,Social Media,2,7,4,56.32,3.8,"Would not recommend, the experience did not meet expectations.",1,76.5,920,1
AID01047,40.0,Female,China,Brazilian,Brazilian signature dish,Gold,Social Media,6,10,1,47.24,3.5,Overpriced for the portion size we received.,0,52.2,349,1
AID00838,54.0,Male,China,Ethiopian,Ethiopian signature dish,Gold,Advertisement,6,9,63,48.86,3.9,"Would not recommend, the experience did not meet expectations.",0,46.1,1318,1
AID01207,54.0,Female,United Kingdom,Japanese,Japanese signature dish,Standard,Search Engine,6,11,15,64.12,4.5,Fantastic service and the fusion menu was a great surprise.,0,62.5,96,1
AID01209,40.0,Female,Turkey,Thai,Thai signature dish,Standard,Advertisement,5,14,45,48.73,2.6,Very disappointed with the wait time and cold food.,1,20.5,654,1
AID01263,56.0,Male,Australia,Brazilian,Brazilian signature dish,Standard,Partner App,10,10,21,73.94,3.4,Very disappointed with the wait time and cold food.,1,47.6,110,1
AID00539,39.0,Female,Germany,Italian,Italian signature dish,Standard,Referral,8,13,19,65.67,5.0,,0,69.3,1045,0
AID00782,18.0,Male,United Kingdom,Ethiopian,Ethiopian signature dish,Standard,Search Engine,9,9,26,22.02,5.0,"Absolutely loved the flavours, will definitely come back again.",1,80.0,676,1
AID00650,38.0,Male,Australia,Brazilian,Brazilian signature dish,Standard,Advertisement,13,14,3,65.51,2.7,,0,31.0,495,0
AID00419,35.0,Male,United States,Italian,Italian signature dish,Gold,Referral,10,10,105,41.56,3.8,,0,89.3,163,0
AID00973,37.0,Female,United States,Korean,Korean signature dish,Silver,Search Engine,5,6,41,33.88,3.3,Very disappointed with the wait time and cold food.,0,49.5,183,1
AID01421,52.0,Male,United States,Indian,Indian signature dish,Standard,Referral,6,10,85,40.88,4.8,"The chef's tasting menu was outstanding, highly recommend.",0,81.5,1189,1
AID01098,50.0,Male,United Arab Emirates,Mexican,Mexican signature dish,Silver,Partner App,8,10,7,59.32,2.3,"Would not recommend, the experience did not meet expectations.",1,56.0,1154,1
AID00574,52.0,Male,United Kingdom,Mexican,Mexican signature dish,Standard,Walk-in,6,13,36,49.27,4.1,,0,86.0,1229,0
AID00654,37.0,Male,Turkey,Lebanese,Lebanese signature dish,Gold,Walk-in,8,11,33,58.72,3.4,"Would not recommend, the experience did not meet expectations.",1,28.7,1037,1
AID01288,32.0,Male,Germany,Indian,Indian signature dish,Standard,Social Media,4,12,22,15.83,3.5,Service was slow and the order was incorrect.,1,53.2,22,1
AID00333,41.0,Female,Germany,French,French signature dish,Standard,Social Media,2,8,87,41.26,3.9,Very disappointed with the wait time and cold food.,0,30.3,463,1
AID00846,29.0,Male,United Arab Emirates,Brazilian,Brazilian signature dish,Gold,Social Media,4,14,23,35.21,3.4,,1,32.9,632,0
AID00575,36.0,Male,Japan,Chinese,Chinese signature dish,Gold,Walk-in,5,5,67,52.89,4.2,Great value for money and the staff were very attentive.,1,45.1,302,1
AID01303,33.0,Male,Japan,Spanish,Spanish signature dish,Standard,Walk-in,4,12,117,39.77,3.6,Service was slow and the order was incorrect.,0,27.0,512,1
AID01131,43.0,Female,Nigeria,Spanish,Spanish signature dish,Silver,Social Media,5,11,22,59.3,5.0,,0,54.1,1344,0
AID01107,28.0,Female,Nigeria,French,French signature dish,Silver,Search Engine,4,10,5,65.82,3.0,,0,62.3,425,0
AID01385,36.0,Male,India,Brazilian,Brazilian signature dish,Standard,Referral,7,7,16,32.25,5.0,"The chef's tasting menu was outstanding, highly recommend.",0,61.3,1226,1
AID01227,40.0,Female,Germany,Greek,Greek signature dish,Standard,Social Media,10,10,24,22.53,2.4,,0,42.0,58,0
AID01297,56.0,Non-binary,Turkey,Lebanese,Lebanese signature dish,Silver,Walk-in,7,10,32,24.03,4.3,Great value for money and the staff were very attentive.,1,70.0,498,1
AID01190,37.0,Female,Spain,French,French signature dish,Gold,Walk-in,7,8,44,38.17,3.0,,0,36.2,360,0
AID00009,52.0,Female,Japan,Ethiopian,Ethiopian signature dish,Standard,Advertisement,8,8,61,10.36,3.7,,1,89.6,1246,0
AID00949,51.0,Male,United Arab Emirates,Greek,Greek signature dish,Standard,Social Media,12,12,12,52.53,3.4,Very disappointed with the wait time and cold food.,0,15.3,1291,1
AID01306,41.0,Male,United Arab Emirates,Turkish,Turkish signature dish,Silver,Social Media,8,11,11,50.03,4.8,One of the best dining experiences we have had this year.,1,32.2,1132,1
AID01238,46.0,Female,China,Mexican,Mexican signature dish,Standard,Walk-in,5,11,0,43.95,4.9,"The chef's tasting menu was outstanding, highly recommend.",0,38.9,1363,1
AID00305,18.0,Non-binary,Turkey,Greek,Greek signature dish,Silver,Search Engine,5,8,5,32.61,3.5,Very disappointed with the wait time and cold food.,0,23.6,722,1
AID01146,23.0,Male,China,Italian,Italian signature dish,Silver,Partner App,7,11,8,48.53,4.8,,0,100.0,543,0
AID01485,39.0,Female,United States,Thai,Thai signature dish,Standard,Referral,8,16,11,50.89,3.0,"Decent experience overall, might try again sometime.",0,77.1,648,1
AID00075,25.0,Female,France,Korean,Korean signature dish,Standard,Partner App,7,7,1,13.52,4.6,One of the best dining experiences we have had this year.,0,75.7,1333,1
AID00873,40.0,Male,United Arab Emirates,Mexican,Mexican signature dish,Standard,Partner App,10,10,1,46.47,4.2,Fantastic service and the fusion menu was a great surprise.,0,42.0,525,1
AID00523,24.0,Male,United States,Lebanese,Lebanese signature dish,Silver,Walk-in,3,8,49,35.96,5.0,One of the best dining experiences we have had this year.,0,81.5,1470,1
AID00336,53.0,Male,Italy,Thai,Thai signature dish,Silver,Walk-in,4,4,47,41.63,4.9,,0,55.5,859,0
AID00570,28.0,Female,Japan,Turkish,Turkish signature dish,Standard,Referral,3,10,72,38.34,4.9,Great value for money and the staff were very attentive.,0,63.4,1355,1
AID00591,48.0,Female,Turkey,Lebanese,Lebanese signature dish,Platinum,Social Media,5,12,39,61.68,4.5,"Absolutely loved the flavours, will definitely come back again.",0,98.8,665,1
AID00089,18.0,Female,United Kingdom,Moroccan,Moroccan signature dish,Standard,Walk-in,3,9,39,38.76,3.4,Overpriced for the portion size we received.,0,83.7,1292,1
AID00749,47.0,Male,China,Korean,Korean signature dish,Standard,Search Engine,5,9,21,46.74,3.7,"Would not recommend, the experience did not meet expectations.",0,60.3,217,1
AID00218,38.0,Male,Turkey,Greek,Greek signature dish,Standard,Partner App,14,14,72,40.28,3.0,"Service was average, took a while to get our order.",0,22.1,930,1
AID01040,43.0,Male,Nigeria,Spanish,Spanish signature dish,Silver,Search Engine,7,7,3,35.83,3.7,"Would not recommend, the experience did not meet expectations.",1,74.6,477,1
AID00174,18.0,Male,France,Thai,Thai signature dish,Gold,Social Media,12,12,88,50.91,4.9,Fantastic service and the fusion menu was a great surprise.,0,69.5,88,1
AID01477,53.0,Female,United Kingdom,Japanese,Japanese signature dish,Platinum,Referral,7,8,41,42.54,3.6,Very disappointed with the wait time and cold food.,0,51.2,1439,1
AID00222,40.0,Non-binary,Spain,Chinese,Chinese signature dish,Standard,Social Media,6,10,29,8.0,4.6,Great value for money and the staff were very attentive.,1,76.1,843,1
AID00320,33.0,Male,Germany,Turkish,Turkish signature dish,Silver,Search Engine,7,7,22,23.5,3.3,Service was slow and the order was incorrect.,0,55.0,1192,1
AID01324,45.0,Female,India,Mexican,Mexican signature dish,Standard,Partner App,2,15,41,42.19,3.9,Service was slow and the order was incorrect.,0,59.5,1096,1
AID01361,64.0,Male,France,Mexican,Mexican signature dish,Silver,Referral,3,8,8,88.38875,2.4,Service was slow and the order was incorrect.,0,35.0,914,1
AID00994,35.0,Male,Japan,Mexican,Mexican signature dish,Standard,Social Media,8,11,52,67.22,3.1,"Would not recommend, the experience did not meet expectations.",0,62.0,1213,1
AID00267,29.0,Male,Italy,Indian,Indian signature dish,Standard,Walk-in,8,13,18,8.0,4.2,Fantastic service and the fusion menu was a great surprise.,0,26.1,401,1
AID00007,23.0,Female,Italy,Indian,Indian signature dish,Silver,Social Media,9,9,63,45.3,3.2,"Would not recommend, the experience did not meet expectations.",0,47.1,1488,1
AID00801,30.0,Female,Nigeria,Brazilian,Brazilian signature dish,Gold,Search Engine,7,10,59,22.53,2.1,,0,53.0,540,0
AID00139,25.0,Male,Italy,Lebanese,Lebanese signature dish,Platinum,Partner App,11,11,30,48.77,2.8,,0,65.7,270,0
AID00164,44.0,Male,Netherlands,Indian,Indian signature dish,Gold,Search Engine,4,9,34,35.72,4.6,,0,61.2,928,0
AID01252,34.0,Female,United Kingdom,Greek,Greek signature dish,Standard,Walk-in,6,6,95,18.82,2.6,Very disappointed with the wait time and cold food.,0,39.0,769,1
AID00595,45.0,Female,Nigeria,Indian,Indian signature dish,Gold,Search Engine,8,8,28,47.44,3.3,"Would not recommend, the experience did not meet expectations.",0,30.9,678,1
AID01435,53.0,Male,Spain,Italian,Italian signature dish,Silver,Social Media,0,7,28,48.99,4.5,,0,33.3,671,0
AID01343,41.0,Male,United Kingdom,Turkish,Turkish signature dish,Standard,Walk-in,6,10,30,45.76,4.6,One of the best dining experiences we have had this year.,0,65.3,900,1
AID01103,20.0,Male,Brazil,Moroccan,Moroccan signature dish,Silver,Social Media,10,10,48,43.82,3.0,,0,45.4,181,0
AID01445,44.0,Male,Italy,Spanish,Spanish signature dish,Standard,Social Media,4,13,67,52.8,5.0,One of the best dining experiences we have had this year.,0,63.0,1089,1
AID00524,27.0,Female,Turkey,Japanese,Japanese signature dish,Platinum,Partner App,6,7,24,46.11,2.5,Service was slow and the order was incorrect.,0,45.8,1185,1
AID00870,51.0,Male,Netherlands,Brazilian,Brazilian signature dish,Gold,Social Media,4,6,21,62.87,2.8,Overpriced for the portion size we received.,0,43.4,414,1
AID00830,51.0,Male,Turkey,Spanish,Spanish signature dish,Platinum,Advertisement,4,6,15,27.03,3.6,Very disappointed with the wait time and cold food.,0,38.2,1370,1
AID00579,57.0,Female,United Kingdom,French,French signature dish,Standard,Walk-in,4,13,14,37.14,3.7,,0,67.6,312,0
AID01467,29.0,Male,Italy,Indian,Indian signature dish,Silver,Social Media,8,10,7,41.79,4.0,Fantastic service and the fusion menu was a great surprise.,1,47.5,614,1
AID00020,28.0,Male,India,Chinese,Chinese signature dish,Platinum,Walk-in,6,6,19,42.19,4.2,"The chef's tasting menu was outstanding, highly recommend.",0,58.8,1277,1
AID00709,47.0,Male,Turkey,Ethiopian,Ethiopian signature dish,Gold,Walk-in,7,10,35,54.7,3.2,Overpriced for the portion size we received.,0,27.4,713,1
AID00634,36.0,Prefer not to say,India,Indian,Indian signature dish,Standard,Advertisement,6,14,6,88.38875,5.0,"The chef's tasting menu was outstanding, highly recommend.",0,29.3,356,1
AID00956,21.0,Female,Australia,Spanish,Spanish signature dish,Standard,Search Engine,4,6,20,53.86,3.4,,1,41.1,1070,0
AID00619,50.0,Female,United States,French,French signature dish,Gold,Social Media,5,14,15,51.24,5.0,One of the best dining experiences we have had this year.,0,58.2,47,1
AID00790,18.0,Female,Turkey,Chinese,Chinese signature dish,Silver,Partner App,3,9,16,33.63,3.6,,0,12.6,1171,0
AID00656,38.0,Male,Turkey,Lebanese,Lebanese signature dish,Platinum,Social Media,6,9,60,72.79,5.0,,1,55.5,1087,0
AID01090,40.0,Male,Germany,Mexican,Mexican signature dish,Silver,Search Engine,3,7,54,43.14,3.9,"Would not recommend, the experience did not meet expectations.",0,58.3,676,1
AID01228,40.0,Female,Brazil,Lebanese,Lebanese signature dish,Platinum,Social Media,7,9,9,23.21,4.4,,0,45.0,676,0
AID00138,30.0,Female,Nigeria,Mexican,Mexican signature dish,Standard,Referral,5,5,72,55.19,3.8,Overpriced for the portion size we received.,0,75.3,315,1
AID00558,34.0,Female,Brazil,Greek,Greek signature dish,Standard,Advertisement,7,7,8,73.13,3.2,Service was slow and the order was incorrect.,0,87.9,772,1
AID00698,44.0,Male,India,Lebanese,Lebanese signature dish,Silver,Referral,8,8,5,82.79,3.0,"Decent experience overall, might try again sometime.",1,68.1,1277,1
AID01246,56.0,Male,Australia,Mexican,Mexican signature dish,Standard,Search Engine,7,11,15,34.95,5.0,,0,78.8,622,0
AID00737,18.0,Male,India,Brazilian,Brazilian signature dish,Platinum,Referral,6,10,21,62.66,3.1,,1,32.6,599,0
AID00879,69.0,Female,United Kingdom,Mexican,Mexican signature dish,Standard,Referral,9,9,12,42.55,5.0,"Absolutely loved the flavours, will definitely come back again.",0,83.1,355,1
AID00928,41.0,Female,Turkey,Chinese,Chinese signature dish,Silver,Partner App,6,11,106,39.89,2.9,Overpriced for the portion size we received.,0,78.2,915,1
AID00369,41.0,Female,Australia,Lebanese,Lebanese signature dish,Standard,Referral,4,7,10,71.57,3.2,Overpriced for the portion size we received.,0,45.9,701,1
AID01430,36.0,Male,Nigeria,Chinese,Chinese signature dish,Standard,Search Engine,9,15,78,48.15,5.0,"Absolutely loved the flavours, will definitely come back again.",0,55.1,1212,1
AID00789,61.0,Female,Japan,Mexican,Mexican signature dish,Standard,Partner App,3,11,210,47.56,3.9,,0,10.4,319,0
AID00328,18.0,Male,China,Chinese,Chinese signature dish,Standard,Search Engine,4,10,140,55.02,4.8,,1,49.1,1068,0
AID00318,38.0,Female,Australia,Italian,Italian signature dish,Silver,Social Media,4,5,15,18.54,4.1,,0,65.6,1107,0
AID01172,39.0,Male,Germany,Mexican,Mexican signature dish,Standard,Walk-in,10,11,21,42.19,3.2,Overpriced for the portion size we received.,0,58.9,775,1
AID01121,29.0,Female,Nigeria,Turkish,Turkish signature dish,Platinum,Advertisement,7,7,119,23.94,4.8,"The chef's tasting menu was outstanding, highly recommend.",1,27.3,978,1
AID00529,21.0,Female,Nigeria,Moroccan,Moroccan signature dish,Standard,Advertisement,2,10,25,26.68,3.3,Very disappointed with the wait time and cold food.,0,25.4,941,1
AID00527,18.0,Prefer not to say,India,Thai,Thai signature dish,Gold,Social Media,5,12,116,47.64,3.8,Overpriced for the portion size we received.,0,72.5,718,1
AID00088,29.0,Male,Nigeria,Brazilian,Brazilian signature dish,Gold,Referral,7,11,4,24.25,3.1,Very disappointed with the wait time and cold food.,0,83.9,1203,1
AID00480,45.0,Female,India,Korean,Korean signature dish,Silver,Advertisement,8,8,5,69.56,3.0,"The food was fine, nothing special but not bad either.",0,63.0,349,1
AID00339,35.0,Male,Australia,French,French signature dish,Platinum,Referral,5,11,31,48.18,4.3,,0,55.5,756,0
AID00770,38.0,Female,France,Brazilian,Brazilian signature dish,Silver,Partner App,3,3,29,66.95,3.1,Overpriced for the portion size we received.,1,65.0,714,1
AID00658,44.0,Female,Nigeria,Moroccan,Moroccan signature dish,Standard,Advertisement,4,8,1,23.74,4.6,"The chef's tasting menu was outstanding, highly recommend.",0,51.0,513,1
AID00149,42.0,Male,Germany,Japanese,Japanese signature dish,Gold,Walk-in,1,7,44,24.68,5.0,Great value for money and the staff were very attentive.,1,39.6,558,1
AID01230,63.0,Male,Spain,Greek,Greek signature dish,Gold,Advertisement,5,11,135,41.17,5.0,One of the best dining experiences we have had this year.,0,19.1,663,1
AID01404,52.0,Female,United States,Greek,Greek signature dish,Silver,Social Media,7,7,23,17.74,4.6,"The chef's tasting menu was outstanding, highly recommend.",1,34.3,382,1
AID00029,51.0,Male,China,Ethiopian,Ethiopian signature dish,Gold,Partner App,4,7,44,32.93,3.0,"Service was average, took a while to get our order.",0,17.8,1141,1
AID00247,34.0,Female,Turkey,Spanish,Spanish signature dish,Gold,Partner App,4,11,54,51.79,4.0,"Absolutely loved the flavours, will definitely come back again.",0,42.7,730,1
AID00366,38.0,Male,Nigeria,Italian,Italian signature dish,Standard,Social Media,7,12,35,8.0,3.1,,0,67.6,289,0
AID00772,43.0,Prefer not to say,United Arab Emirates,Korean,Korean signature dish,Silver,Search Engine,5,6,146,61.04,4.1,Great value for money and the staff were very attentive.,0,47.2,409,1
AID00834,43.0,Male,Australia,French,French signature dish,Standard,Referral,0,9,36,24.11,3.6,Very disappointed with the wait time and cold food.,1,50.5,1399,1
AID01143,25.0,Female,United Kingdom,Thai,Thai signature dish,Standard,Search Engine,6,13,68,47.2,4.1,One of the best dining experiences we have had this year.,0,37.9,140,1
AID00199,43.0,Male,Australia,Japanese,Japanese signature dish,Standard,Social Media,7,11,58,18.97,5.0,Fantastic service and the fusion menu was a great surprise.,0,50.3,105,1
AID00926,28.0,Male,United States,Thai,Thai signature dish,Standard,Social Media,5,10,36,51.46,3.8,,0,55.5,533,0
AID00944,32.0,Male,France,Moroccan,Moroccan signature dish,Standard,Advertisement,6,14,57,43.93,3.0,,1,55.5,362,0
AID00405,69.0,Male,France,Japanese,Japanese signature dish,Platinum,Referral,6,11,9,51.94,4.4,,1,100.0,936,0
AID00811,33.0,Female,Japan,Italian,Italian signature dish,Standard,Search Engine,9,9,8,61.78,4.0,,1,67.9,1140,0
AID00484,30.0,Female,Australia,Lebanese,Lebanese signature dish,Silver,Walk-in,4,10,24,44.29,5.0,"The chef's tasting menu was outstanding, highly recommend.",0,61.9,24,1
AID00159,38.0,Female,Japan,French,French signature dish,Standard,Advertisement,4,5,86,35.01,3.9,"Would not recommend, the experience did not meet expectations.",0,53.4,462,1
AID00316,22.0,Male,United Kingdom,Indian,Indian signature dish,Gold,Referral,9,11,118,38.23,3.0,"The food was fine, nothing special but not bad either.",0,37.5,1118,1
AID00257,25.0,Female,Netherlands,Mexican,Mexican signature dish,Silver,Partner App,7,10,76,75.26,4.7,Great value for money and the staff were very attentive.,1,51.7,1044,1
AID00008,18.0,Male,United Kingdom,French,French signature dish,Silver,Social Media,7,9,11,33.28,4.1,,0,100.0,766,0
AID01206,25.0,Prefer not to say,United Kingdom,Korean,Korean signature dish,Standard,Social Media,7,9,24,79.41,4.1,"Absolutely loved the flavours, will definitely come back again.",0,44.3,1039,1
AID00385,31.0,Male,United States,Brazilian,Brazilian signature dish,Gold,Referral,4,14,10,67.44,5.0,"Absolutely loved the flavours, will definitely come back again.",1,51.6,1475,1
AID00178,40.0,Female,Brazil,Moroccan,Moroccan signature dish,Standard,Referral,8,8,44,61.95,5.0,,0,62.7,142,0
AID01049,33.0,Male,Netherlands,Greek,Greek signature dish,Gold,Partner App,9,11,2,62.81,3.2,,1,50.9,526,0
AID00315,40.0,Male,France,Lebanese,Lebanese signature dish,Standard,Partner App,5,13,3,51.72,5.0,"Absolutely loved the flavours, will definitely come back again.",1,40.5,1090,1
AID00358,35.0,Female,United States,Greek,Greek signature dish,Standard,Referral,3,6,108,67.33,3.4,Very disappointed with the wait time and cold food.,0,21.5,1277,1
AID00299,32.0,Female,Italy,Italian,Italian signature dish,Silver,Walk-in,4,14,13,32.12,4.5,"The chef's tasting menu was outstanding, highly recommend.",0,58.8,819,1
AID00456,30.0,Male,United Kingdom,Moroccan,Moroccan signature dish,Platinum,Advertisement,9,14,62,71.95,4.7,Fantastic service and the fusion menu was a great surprise.,0,45.0,850,1
AID00544,37.0,Male,Japan,French,French signature dish,Silver,Partner App,5,5,64,36.6,3.7,Very disappointed with the wait time and cold food.,1,56.6,939,1
AID00663,53.0,Male,United Arab Emirates,Spanish,Spanish signature dish,Standard,Advertisement,3,6,40,46.26,5.0,,0,73.8,259,0
AID00597,42.0,Female,United Kingdom,Ethiopian,Ethiopian signature dish,Standard,Social Media,5,10,37,29.97,3.0,"It was okay, the ambience could be improved.",0,43.2,1127,1
AID00862,63.0,Male,China,Turkish,Turkish signature dish,Standard,Search Engine,1,7,160,77.62,3.7,,0,28.6,160,0
AID00922,43.0,Male,Brazil,Moroccan,Moroccan signature dish,Gold,Social Media,6,11,24,52.94,3.7,,1,46.2,243,0
AID00528,34.0,Male,United Arab Emirates,Italian,Italian signature dish,Standard,Walk-in,7,7,12,15.53,4.5,,1,55.1,310,0
AID01272,43.0,Male,Turkey,Mexican,Mexican signature dish,Silver,Social Media,8,9,74,36.63,3.4,Service was slow and the order was incorrect.,0,99.0,439,1
AID00160,48.0,Female,China,French,French signature dish,Silver,Referral,7,10,33,88.38875,3.7,Overpriced for the portion size we received.,0,50.3,958,1
AID00952,47.0,Female,France,Italian,Italian signature dish,Standard,Partner App,7,10,0,88.38875,5.0,Fantastic service and the fusion menu was a great surprise.,0,24.4,472,1
AID00361,35.0,Prefer not to say,Brazil,French,French signature dish,Platinum,Social Media,11,14,112,22.31,4.3,,0,66.1,1345,0
AID01339,18.0,Female,United States,French,French signature dish,Gold,Advertisement,8,11,15,63.31,5.0,,0,76.2,545,0
AID00203,21.0,Male,India,Chinese,Chinese signature dish,Standard,Search Engine,2,8,30,8.0,3.1,Service was slow and the order was incorrect.,1,59.5,113,1
AID01462,45.0,Female,Turkey,French,French signature dish,Gold,Social Media,6,11,119,63.88,4.1,"Absolutely loved the flavours, will definitely come back again.",0,39.6,728,1
AID00977,54.0,Male,Nigeria,Moroccan,Moroccan signature dish,Standard,Advertisement,8,8,11,45.55,3.1,"Would not recommend, the experience did not meet expectations.",0,36.0,641,1
AID00113,34.0,Female,India,Ethiopian,Ethiopian signature dish,Standard,Walk-in,4,12,19,56.08,5.0,One of the best dining experiences we have had this year.,0,34.6,95,1
AID00308,25.0,Female,United Kingdom,Ethiopian,Ethiopian signature dish,Standard,Referral,9,9,18,50.44,3.9,Service was slow and the order was incorrect.,0,47.7,1227,1
AID00861,27.0,Female,United States,Lebanese,Lebanese signature dish,Silver,Advertisement,3,9,43,12.42,2.5,Service was slow and the order was incorrect.,1,56.2,1060,1
AID00423,41.0,Male,Brazil,Ethiopian,Ethiopian signature dish,Silver,Social Media,3,11,11,42.19,4.5,Fantastic service and the fusion menu was a great surprise.,1,72.2,1057,1
AID01202,46.0,Male,Japan,Japanese,Japanese signature dish,Standard,Social Media,7,8,44,15.89,4.5,Great value for money and the staff were very attentive.,1,43.7,1069,1
AID01124,25.0,Female,France,Greek,Greek signature dish,Silver,Partner App,9,9,29,18.1,4.3,,1,96.7,389,0
AID00965,31.0,Male,China,French,French signature dish,Standard,Referral,2,12,176,32.69,4.7,Fantastic service and the fusion menu was a great surprise.,1,33.0,1281,1
AID00460,38.0,Female,Brazil,Moroccan,Moroccan signature dish,Standard,Referral,7,15,16,44.78,5.0,"Absolutely loved the flavours, will definitely come back again.",0,79.8,465,1
AID01389,19.0,Male,Spain,Korean,Korean signature dish,Gold,Search Engine,2,7,1,64.95,3.6,"Would not recommend, the experience did not meet expectations.",1,32.2,875,1
AID01313,34.0,Female,Spain,Turkish,Turkish signature dish,Standard,Social Media,6,6,45,8.0,4.8,Great value for money and the staff were very attentive.,1,35.5,237,1
AID00763,36.0,Female,France,Chinese,Chinese signature dish,Standard,Partner App,11,11,15,64.28,3.0,"It was okay, the ambience could be improved.",1,65.2,879,1
AID00836,27.0,Female,Nigeria,French,French signature dish,Gold,Walk-in,4,9,9,33.35,2.6,Overpriced for the portion size we received.,0,49.1,1373,1
AID01262,44.0,Male,Italy,Japanese,Japanese signature dish,Silver,Walk-in,4,11,10,42.19,4.0,Fantastic service and the fusion menu was a great surprise.,0,81.6,80,1
AID00450,35.0,Male,Brazil,Greek,Greek signature dish,Standard,Search Engine,11,11,90,85.75,4.4,Fantastic service and the fusion menu was a great surprise.,0,73.0,1359,1
AID01188,49.0,Male,United Kingdom,Mexican,Mexican signature dish,Standard,Advertisement,5,9,1,41.28,2.3,Service was slow and the order was incorrect.,0,32.7,861,1
AID00680,59.0,Female,Germany,Korean,Korean signature dish,Standard,Advertisement,3,17,102,59.25,4.5,Great value for money and the staff were very attentive.,0,55.5,1252,1
AID00693,39.0,Female,Nigeria,Indian,Indian signature dish,Silver,Walk-in,8,8,279,27.32,3.9,Service was slow and the order was incorrect.,0,35.8,1282,1
AID00998,40.0,Male,Italy,Moroccan,Moroccan signature dish,Standard,Walk-in,7,10,252,37.74,2.8,"Would not recommend, the experience did not meet expectations.",0,47.5,1331,1
AID00081,27.0,Male,Nigeria,Spanish,Spanish signature dish,Silver,Advertisement,6,9,153,61.98,5.0,Fantastic service and the fusion menu was a great surprise.,0,43.5,165,1
AID01328,57.0,Male,Brazil,French,French signature dish,Silver,Partner App,6,6,94,8.0,4.8,"Absolutely loved the flavours, will definitely come back again.",0,69.6,1472,1
AID01009,38.0,Male,China,Thai,Thai signature dish,Standard,Advertisement,7,11,1,45.91,4.3,One of the best dining experiences we have had this year.,1,46.6,334,1
AID00216,28.0,Non-binary,France,Italian,Italian signature dish,Standard,Referral,5,7,29,79.27,5.0,,1,55.7,889,0
AID00976,18.0,Male,Japan,Brazilian,Brazilian signature dish,Standard,Partner App,5,13,60,27.37,5.0,,1,22.2,488,0
AID00031,39.0,Female,France,Japanese,Japanese signature dish,Standard,Partner App,4,12,0,23.86,4.3,"The chef's tasting menu was outstanding, highly recommend.",1,46.4,427,1
AID00243,52.0,Female,United States,Indian,Indian signature dish,Silver,Referral,8,8,13,42.38,3.7,"Would not recommend, the experience did not meet expectations.",1,85.9,1330,1
AID01006,53.0,Male,Italy,Greek,Greek signature dish,Platinum,Social Media,2,19,94,41.72,3.6,,0,70.3,624,0
AID00642,44.0,Female,China,French,French signature dish,Platinum,Search Engine,8,12,23,51.12,4.0,One of the best dining experiences we have had this year.,1,26.6,732,1
AID00697,41.0,Female,Italy,Chinese,Chinese signature dish,Gold,Referral,10,13,79,63.95,4.2,,0,67.6,815,0
AID00210,30.0,Female,United Kingdom,Moroccan,Moroccan signature dish,Gold,Search Engine,7,12,158,36.36,4.9,One of the best dining experiences we have had this year.,0,59.6,766,1
AID01427,18.0,Male,Spain,French,French signature dish,Standard,Social Media,8,8,18,18.27,4.6,One of the best dining experiences we have had this year.,0,37.5,18,1
AID00771,34.0,Female,United Kingdom,French,French signature dish,Standard,Partner App,8,13,21,25.63,3.7,"Would not recommend, the experience did not meet expectations.",0,48.3,679,1
AID00753,46.0,Female,Spain,Korean,Korean signature dish,Gold,Social Media,5,14,38,24.87,5.0,,0,84.3,167,0
AID01325,44.0,Male,Australia,Turkish,Turkish signature dish,Gold,Referral,9,9,4,51.74,3.5,,0,57.9,1084,0
AID00436,45.0,Male,Japan,Japanese,Japanese signature dish,Silver,Advertisement,5,6,94,31.86,4.3,,0,64.5,1416,0
AID01331,40.0,Female,China,Lebanese,Lebanese signature dish,Silver,Partner App,8,8,3,54.08,3.5,Overpriced for the portion size we received.,0,82.5,513,1
AID01193,23.0,Female,Japan,Moroccan,Moroccan signature dish,Standard,Referral,6,12,37,27.06,3.4,Overpriced for the portion size we received.,0,71.4,335,1
AID01386,59.0,Female,United Kingdom,Chinese,Chinese signature dish,Standard,Advertisement,11,12,123,44.19,3.8,Overpriced for the portion size we received.,1,51.1,1043,1
AID00689,24.0,Male,Nigeria,French,French signature dish,Standard,Partner App,5,7,15,52.07,3.6,Service was slow and the order was incorrect.,0,54.2,1396,1
AID00552,24.0,Male,Italy,Brazilian,Brazilian signature dish,Silver,Advertisement,7,7,24,57.15,4.8,Fantastic service and the fusion menu was a great surprise.,0,56.9,175,1
AID00545,51.0,Female,Turkey,Chinese,Chinese signature dish,Silver,Social Media,10,10,45,69.38,2.5,,0,95.4,552,0
AID01332,45.0,Male,Spain,Lebanese,Lebanese signature dish,Gold,Social Media,9,9,24,35.46,3.6,Overpriced for the portion size we received.,0,29.9,829,1
AID01065,44.0,Male,Nigeria,Chinese,Chinese signature dish,Standard,Search Engine,6,7,102,25.11,5.0,"The chef's tasting menu was outstanding, highly recommend.",0,83.7,1453,1
AID00882,49.0,Female,Germany,Korean,Korean signature dish,Silver,Advertisement,6,6,68,56.64,5.0,"Absolutely loved the flavours, will definitely come back again.",1,74.2,672,1
AID01016,43.0,Male,Australia,Mexican,Mexican signature dish,Standard,Advertisement,4,8,48,42.36,4.4,"The chef's tasting menu was outstanding, highly recommend.",0,62.9,622,1
AID00404,48.0,Male,Brazil,Italian,Italian signature dish,Silver,Advertisement,7,7,237,70.61,4.3,"Absolutely loved the flavours, will definitely come back again.",0,53.9,1372,1
AID00092,50.0,Female,United Kingdom,Spanish,Spanish signature dish,Standard,Social Media,2,12,1,34.91,3.4,Very disappointed with the wait time and cold food.,0,90.1,1100,1
AID00363,33.0,Female,Germany,Mexican,Mexican signature dish,Silver,Advertisement,7,10,64,61.03,3.6,Very disappointed with the wait time and cold food.,0,36.5,527,1
AID00272,40.0,Male,Australia,Chinese,Chinese signature dish,Standard,Advertisement,8,9,25,40.82,2.8,Very disappointed with the wait time and cold food.,0,50.7,1462,1
AID00467,56.0,Male,United Arab Emirates,Spanish,Spanish signature dish,Standard,Referral,6,11,68,18.61,4.0,Fantastic service and the fusion menu was a great surprise.,1,37.8,684,1
AID01356,38.0,Female,Australia,Spanish,Spanish signature dish,Silver,Referral,4,13,65,50.68,3.8,"Would not recommend, the experience did not meet expectations.",0,61.9,414,1
AID01116,37.0,Female,Brazil,Moroccan,Moroccan signature dish,Silver,Partner App,2,6,31,50.47,3.0,,0,36.4,945,0
AID00958,30.0,Male,Turkey,Turkish,Turkish signature dish,Platinum,Advertisement,5,5,120,51.52,3.5,Service was slow and the order was incorrect.,1,49.9,1005,1
AID00278,29.0,Male,China,Spanish,Spanish signature dish,Gold,Partner App,9,9,9,50.66,4.6,,0,63.1,988,0
AID01354,38.0,Female,United Kingdom,Korean,Korean signature dish,Gold,Advertisement,6,18,41,11.31,4.4,One of the best dining experiences we have had this year.,0,72.6,428,1
AID01441,35.0,Male,Spain,Thai,Thai signature dish,Silver,Social Media,6,6,41,50.34,3.4,Overpriced for the portion size we received.,0,40.3,1196,1
AID00982,37.0,Prefer not to say,Nigeria,Japanese,Japanese signature dish,Standard,Walk-in,10,10,4,34.98,4.7,"Absolutely loved the flavours, will definitely come back again.",1,72.4,1451,1
AID00442,40.0,Female,China,Indian,Indian signature dish,Standard,Referral,8,8,55,23.82,3.5,"Would not recommend, the experience did not meet expectations.",1,68.4,600,1
AID00787,20.0,Female,United Kingdom,Spanish,Spanish signature dish,Silver,Walk-in,5,7,44,36.24,3.7,"Would not recommend, the experience did not meet expectations.",0,87.7,1146,1
AID01167,20.0,Female,Australia,Spanish,Spanish signature dish,Standard,Social Media,3,11,60,8.0,4.5,,0,48.2,1040,0
AID00443,29.0,Male,United States,Ethiopian,Ethiopian signature dish,Silver,Social Media,6,7,13,39.68,4.2,"The chef's tasting menu was outstanding, highly recommend.",0,75.9,1277,1
AID00300,44.0,Female,Australia,Ethiopian,Ethiopian signature dish,Standard,Advertisement,5,6,21,58.09,4.8,,1,35.1,1438,0
AID00961,62.0,Female,Spain,Mexican,Mexican signature dish,Gold,Walk-in,9,17,15,21.58,3.1,Service was slow and the order was incorrect.,0,56.6,855,1
AID00376,35.0,Female,Netherlands,Brazilian,Brazilian signature dish,Standard,Partner App,2,8,134,40.31,3.6,Overpriced for the portion size we received.,0,54.0,412,1
AID01038,20.0,Male,Italy,Chinese,Chinese signature dish,Gold,Partner App,8,8,76,42.61,4.5,"Absolutely loved the flavours, will definitely come back again.",0,57.4,1261,1
AID01135,40.0,Non-binary,Japan,Turkish,Turkish signature dish,Gold,Partner App,3,8,4,67.48,5.0,One of the best dining experiences we have had this year.,0,53.9,29,1
AID00954,35.0,Male,Netherlands,Turkish,Turkish signature dish,Standard,Advertisement,6,8,63,19.12,4.5,One of the best dining experiences we have had this year.,0,80.7,129,1
AID01026,37.0,Male,Italy,Lebanese,Lebanese signature dish,Standard,Partner App,7,8,14,76.22,4.6,Fantastic service and the fusion menu was a great surprise.,0,93.0,275,1
AID01011,39.0,Male,Netherlands,Greek,Greek signature dish,Standard,Search Engine,8,11,0,39.53,4.0,One of the best dining experiences we have had this year.,1,61.1,1279,1
AID00473,42.0,Male,Brazil,Mexican,Mexican signature dish,Standard,Walk-in,4,9,31,32.62,2.8,Very disappointed with the wait time and cold food.,0,61.2,1368,1
AID00902,27.0,Female,Turkey,Spanish,Spanish signature dish,Standard,Referral,6,7,19,65.5,3.2,"Would not recommend, the experience did not meet expectations.",1,41.1,19,1
AID00564,36.0,Male,Netherlands,Spanish,Spanish signature dish,Standard,Social Media,1,10,25,69.42,4.9,Fantastic service and the fusion menu was a great surprise.,0,95.9,475,1
AID01378,36.0,Prefer not to say,United Arab Emirates,Japanese,Japanese signature dish,Silver,Walk-in,5,11,35,51.49,3.3,Very disappointed with the wait time and cold food.,0,62.4,136,1
AID00751,44.0,Female,Australia,Spanish,Spanish signature dish,Standard,Partner App,3,9,155,45.68,3.3,"Would not recommend, the experience did not meet expectations.",1,53.6,951,1
AID00389,39.0,Male,Netherlands,Greek,Greek signature dish,Standard,Referral,8,14,0,41.92,3.2,Service was slow and the order was incorrect.,1,33.0,1371,1
AID00023,33.0,Female,United States,Turkish,Turkish signature dish,Gold,Advertisement,8,8,16,52.57,3.9,"Would not recommend, the experience did not meet expectations.",1,22.7,218,1
AID00125,28.0,Female,United Kingdom,French,French signature dish,Silver,Social Media,2,9,83,42.83,4.6,One of the best dining experiences we have had this year.,0,47.5,478,1
AID00424,32.0,Female,India,Indian,Indian signature dish,Standard,Advertisement,9,10,11,29.38,5.0,,0,49.5,494,0
AID00774,18.0,Non-binary,United Kingdom,French,French signature dish,Standard,Search Engine,8,9,9,41.8,2.9,,0,62.0,630,0
AID01364,26.0,Male,Italy,Japanese,Japanese signature dish,Platinum,Search Engine,8,14,9,67.36,4.2,Great value for money and the staff were very attentive.,0,43.9,400,1
AID00471,38.0,Male,Netherlands,Moroccan,Moroccan signature dish,Silver,Referral,9,9,106,25.83,3.7,Overpriced for the portion size we received.,0,9.6,303,1
AID00722,44.0,Female,Spain,Brazilian,Brazilian signature dish,Standard,Search Engine,7,10,31,59.96,4.3,Great value for money and the staff were very attentive.,0,48.9,702,1
AID01043,35.0,Female,China,Indian,Indian signature dish,Standard,Social Media,8,8,5,9.92,1.9,Overpriced for the portion size we received.,1,76.0,1028,1
AID00853,30.0,Female,Nigeria,Chinese,Chinese signature dish,Standard,Partner App,8,8,87,8.0,3.7,Overpriced for the portion size we received.,1,45.4,497,1
AID00143,34.0,Female,China,Indian,Indian signature dish,Gold,Referral,11,11,37,42.19,4.4,"Absolutely loved the flavours, will definitely come back again.",0,62.9,92,1
AID00051,20.0,Female,Brazil,French,French signature dish,Gold,Referral,7,7,32,47.91,3.0,"The food was fine, nothing special but not bad either.",0,31.4,244,1
AID01418,36.0,Male,Japan,Indian,Indian signature dish,Standard,Referral,3,15,36,49.77,4.4,"Absolutely loved the flavours, will definitely come back again.",0,22.3,646,1
AID01059,32.0,Male,India,Moroccan,Moroccan signature dish,Gold,Partner App,6,9,13,61.91,4.8,Great value for money and the staff were very attentive.,1,23.3,1173,1
AID00624,46.0,Female,Netherlands,Moroccan,Moroccan signature dish,Gold,Partner App,8,8,7,64.69,4.3,One of the best dining experiences we have had this year.,1,80.0,830,1
AID01293,38.0,Male,United Arab Emirates,Indian,Indian signature dish,Standard,Advertisement,5,10,24,42.19,4.1,,0,10.7,996,0
AID00082,35.0,Female,United Kingdom,Brazilian,Brazilian signature dish,Silver,Advertisement,4,10,24,43.26,4.5,One of the best dining experiences we have had this year.,0,46.8,1207,1
AID00704,32.0,Female,United States,Indian,Indian signature dish,Silver,Search Engine,2,9,7,28.73,4.3,"The chef's tasting menu was outstanding, highly recommend.",1,72.2,1091,1
AID00483,46.0,Male,United Kingdom,French,French signature dish,Silver,Walk-in,2,15,19,8.0,5.0,Fantastic service and the fusion menu was a great surprise.,0,81.9,1153,1
AID00322,56.0,Female,France,Thai,Thai signature dish,Gold,Advertisement,5,5,58,61.29,4.0,"The chef's tasting menu was outstanding, highly recommend.",0,53.3,1037,1
AID01268,20.0,Male,India,Spanish,Spanish signature dish,Standard,Referral,6,13,7,80.97,2.9,Overpriced for the portion size we received.,0,96.7,344,1
AID00506,37.0,Male,China,Thai,Thai signature dish,Silver,Social Media,5,8,38,88.38875,4.2,Great value for money and the staff were very attentive.,0,75.0,793,1
AID01444,31.0,Male,Spain,French,French signature dish,Silver,Walk-in,5,10,87,28.23,4.3,"The chef's tasting menu was outstanding, highly recommend.",0,26.3,728,1
AID00842,18.0,Female,United States,Indian,Indian signature dish,Silver,Referral,6,10,18,38.06,3.9,Service was slow and the order was incorrect.,1,74.4,1105,1
AID00067,31.0,Female,United Kingdom,Chinese,Chinese signature dish,Standard,Search Engine,4,10,48,17.52,3.4,,0,60.0,576,0
AID01299,46.0,Female,France,Japanese,Japanese signature dish,Silver,Search Engine,6,9,21,36.99,4.8,"Absolutely loved the flavours, will definitely come back again.",0,74.3,382,1
AID01337,18.0,Female,United Kingdom,Brazilian,Brazilian signature dish,Gold,Walk-in,2,9,4,8.0,3.7,,0,40.0,1383,0
AID01345,59.0,Male,United Kingdom,Indian,Indian signature dish,Standard,Partner App,4,9,75,41.11,3.8,Very disappointed with the wait time and cold food.,0,68.5,93,1
AID00802,34.0,Male,France,Thai,Thai signature dish,Silver,Partner App,11,12,16,45.67,2.7,Service was slow and the order was incorrect.,0,22.5,1145,1
AID00871,47.0,Male,Nigeria,Indian,Indian signature dish,Silver,Walk-in,7,7,89,75.78,3.8,Overpriced for the portion size we received.,1,40.2,223,1
AID00032,50.0,Female,Germany,Mexican,Mexican signature dish,Gold,Social Media,8,11,93,19.01,2.3,"Would not recommend, the experience did not meet expectations.",1,37.7,882,1
AID00796,58.0,Female,Australia,Thai,Thai signature dish,Standard,Walk-in,8,11,122,28.47,3.7,Very disappointed with the wait time and cold food.,0,59.8,1362,1
AID00418,37.0,Male,France,Chinese,Chinese signature dish,Standard,Referral,6,7,33,55.21,3.1,Overpriced for the portion size we received.,1,71.8,867,1
AID00633,25.0,Male,Netherlands,Indian,Indian signature dish,Gold,Search Engine,4,17,46,41.81,4.6,Fantastic service and the fusion menu was a great surprise.,1,70.3,382,1
AID01180,40.0,Male,India,Chinese,Chinese signature dish,Silver,Search Engine,6,11,126,32.4,5.0,Fantastic service and the fusion menu was a great surprise.,0,73.6,522,1
AID01089,38.0,Female,Japan,Ethiopian,Ethiopian signature dish,Standard,Advertisement,8,14,35,8.0,2.8,,0,65.3,1242,0
AID00065,50.0,Female,Germany,Moroccan,Moroccan signature dish,Silver,Walk-in,8,12,3,55.18,2.0,Overpriced for the portion size we received.,1,18.9,243,1
AID00140,36.0,Male,India,Brazilian,Brazilian signature dish,Standard,Walk-in,8,8,19,8.0,4.3,"The chef's tasting menu was outstanding, highly recommend.",1,47.6,643,1
AID01321,26.0,Female,Nigeria,French,French signature dish,Standard,Referral,6,6,1,19.83,3.7,"Would not recommend, the experience did not meet expectations.",0,57.2,1478,1
AID01217,52.0,Non-binary,Japan,Mexican,Mexican signature dish,Silver,Walk-in,5,14,8,45.44,5.0,"Absolutely loved the flavours, will definitely come back again.",1,68.0,1012,1
AID00078,41.0,Prefer not to say,Nigeria,Italian,Italian signature dish,Standard,Walk-in,6,8,9,37.13,4.9,"Absolutely loved the flavours, will definitely come back again.",0,23.9,1248,1
AID00492,40.0,Female,United States,French,French signature dish,Standard,Partner App,11,11,19,43.06,3.2,Very disappointed with the wait time and cold food.,1,58.1,879,1
AID01070,35.0,Male,United Kingdom,Brazilian,Brazilian signature dish,Gold,Social Media,8,8,27,40.79,2.8,"Would not recommend, the experience did not meet expectations.",0,72.9,1275,1
AID01152,61.0,Female,Brazil,Spanish,Spanish signature dish,Standard,Partner App,2,7,10,32.22,4.3,"Absolutely loved the flavours, will definitely come back again.",1,31.2,1293,1
AID00533,33.0,Male,United States,Moroccan,Moroccan signature dish,Silver,Walk-in,6,9,6,46.22,4.6,,0,55.5,714,0
AID00066,18.0,Female,Germany,Ethiopian,Ethiopian signature dish,Silver,Partner App,8,8,4,28.78,4.1,One of the best dining experiences we have had this year.,0,28.2,1270,1
AID01280,37.0,Female,Nigeria,Italian,Italian signature dish,Gold,Partner App,7,17,88,62.75,3.7,"Would not recommend, the experience did not meet expectations.",1,21.6,1442,1
AID00929,34.0,Male,China,Thai,Thai signature dish,Standard,Advertisement,8,13,54,44.72,2.9,"Would not recommend, the experience did not meet expectations.",1,77.8,1354,1
AID01275,50.0,Male,China,French,French signature dish,Standard,Social Media,5,9,68,44.24,3.6,"Would not recommend, the experience did not meet expectations.",1,38.4,1439,1
AID00297,51.0,Female,Germany,Greek,Greek signature dish,Standard,Social Media,12,12,20,55.46,3.9,Very disappointed with the wait time and cold food.,0,83.6,1269,1
AID00592,42.0,Male,Turkey,French,French signature dish,Silver,Referral,6,7,32,33.58,5.0,,0,82.4,566,0
AID00420,46.0,Female,United Arab Emirates,Italian,Italian signature dish,Platinum,Walk-in,6,7,33,50.24,4.2,Fantastic service and the fusion menu was a great surprise.,1,54.4,565,1
AID00768,38.0,Male,United Kingdom,Greek,Greek signature dish,Standard,Walk-in,1,14,18,44.71,3.9,,0,57.8,123,0
AID00893,18.0,Female,France,French,French signature dish,Standard,Referral,4,8,27,27.58,3.8,Service was slow and the order was incorrect.,0,54.7,304,1
AID00439,42.0,Female,India,Brazilian,Brazilian signature dish,Standard,Social Media,5,8,25,56.64,3.0,"Service was average, took a while to get our order.",1,54.2,220,1
AID00262,29.0,Male,Italy,Italian,Italian signature dish,Gold,Referral,9,9,13,42.19,3.8,Overpriced for the portion size we received.,0,53.2,553,1
AID01315,30.0,Female,Nigeria,Mexican,Mexican signature dish,Gold,Partner App,13,13,12,8.0,3.6,Overpriced for the portion size we received.,0,65.0,459,1
AID00725,67.0,Female,Germany,Indian,Indian signature dish,Standard,Referral,5,5,54,23.65,4.0,,0,84.2,1436,0
AID01407,44.0,Female,Spain,Mexican,Mexican signature dish,Standard,Social Media,7,7,28,16.38,4.6,Great value for money and the staff were very attentive.,1,32.7,610,1
AID00282,36.0,Female,India,Brazilian,Brazilian signature dish,Silver,Partner App,6,9,54,28.67,3.6,Service was slow and the order was incorrect.,1,58.6,665,1
AID00627,49.0,Male,Italy,Korean,Korean signature dish,Standard,Partner App,8,12,51,49.31,3.8,"Would not recommend, the experience did not meet expectations.",1,82.6,249,1
AID01035,35.0,Female,China,Mexican,Mexican signature dish,Silver,Walk-in,3,6,106,65.79,4.0,Great value for money and the staff were very attentive.,0,81.9,873,1
AID01068,48.0,Female,Brazil,Greek,Greek signature dish,Standard,Walk-in,3,14,33,43.57,4.3,,0,79.1,1117,0
AID01471,44.0,Male,France,Italian,Italian signature dish,Standard,Search Engine,9,9,38,54.81,4.0,"The chef's tasting menu was outstanding, highly recommend.",1,69.7,678,1
AID00189,44.0,Female,Germany,Korean,Korean signature dish,Gold,Advertisement,6,8,49,40.51,4.1,,1,70.7,159,0
AID01415,38.0,Male,China,Turkish,Turkish signature dish,Gold,Search Engine,4,6,150,23.3,2.8,,0,46.1,271,0
AID00252,52.0,Male,United Kingdom,Turkish,Turkish signature dish,Gold,Partner App,1,7,105,55.74,3.9,Overpriced for the portion size we received.,1,39.0,187,1
AID00584,33.0,Male,Germany,Spanish,Spanish signature dish,Gold,Partner App,7,8,17,61.7,4.3,"The chef's tasting menu was outstanding, highly recommend.",1,21.3,693,1
AID01050,48.0,Female,Netherlands,Spanish,Spanish signature dish,Standard,Walk-in,3,11,36,47.36,5.0,,0,74.7,923,0
AID01375,18.0,Male,Australia,Thai,Thai signature dish,Standard,Social Media,6,10,31,34.56,3.3,,0,33.3,508,0
AID00987,43.0,Male,Germany,Mexican,Mexican signature dish,Silver,Referral,8,9,9,32.44,3.5,Overpriced for the portion size we received.,0,65.7,1451,1
AID00515,49.0,Male,India,Japanese,Japanese signature dish,Silver,Walk-in,5,8,21,37.65,3.4,Overpriced for the portion size we received.,0,57.3,811,1
AID01199,36.0,Male,United Arab Emirates,Brazilian,Brazilian signature dish,Standard,Partner App,6,10,10,21.46,5.0,,0,62.2,1148,0
AID01437,51.0,Prefer not to say,United States,Ethiopian,Ethiopian signature dish,Gold,Social Media,7,7,23,64.7,4.7,,1,56.0,1000,0
AID00707,38.0,Female,Turkey,Brazilian,Brazilian signature dish,Standard,Advertisement,5,8,126,44.53,2.4,,0,48.8,185,0
AID00488,29.0,Female,Brazil,Ethiopian,Ethiopian signature dish,Standard,Social Media,5,7,47,57.93,3.9,,1,47.8,708,0
AID00664,43.0,Male,Spain,French,French signature dish,Gold,Social Media,3,3,75,14.89,3.2,Very disappointed with the wait time and cold food.,1,40.1,1419,1
AID01151,44.0,Male,Germany,Lebanese,Lebanese signature dish,Gold,Advertisement,3,9,8,33.7,4.1,"The chef's tasting menu was outstanding, highly recommend.",1,57.2,816,1
AID01159,20.0,Female,China,Japanese,Japanese signature dish,Platinum,Advertisement,9,9,4,39.78,3.2,"Would not recommend, the experience did not meet expectations.",1,63.7,656,1
AID00274,22.0,Male,China,French,French signature dish,Standard,Referral,6,6,50,50.59,4.4,Great value for money and the staff were very attentive.,0,40.3,883,1
AID00686,54.0,Female,United States,Japanese,Japanese signature dish,Gold,Search Engine,6,9,88,49.58,4.3,One of the best dining experiences we have had this year.,0,31.2,1321,1
AID01138,30.0,Male,Spain,Japanese,Japanese signature dish,Silver,Advertisement,8,13,24,42.19,2.6,,0,64.5,780,0
AID01264,39.0,Male,Italy,Korean,Korean signature dish,Silver,Partner App,4,10,18,20.46,3.3,Very disappointed with the wait time and cold food.,0,76.2,109,1
AID00878,18.0,Male,China,Japanese,Japanese signature dish,Silver,Advertisement,5,5,27,8.0,4.6,Great value for money and the staff were very attentive.,0,30.5,1198,1
AID01064,32.0,Male,Nigeria,Spanish,Spanish signature dish,Silver,Social Media,6,9,1,39.4,3.7,,0,56.9,1002,0
AID01370,46.0,Female,Germany,Brazilian,Brazilian signature dish,Silver,Advertisement,8,10,33,45.47,4.2,,1,51.5,548,0
AID00449,50.0,Female,India,Mexican,Mexican signature dish,Standard,Referral,4,8,23,51.86,3.0,,1,59.8,468,0
AID00412,36.0,Male,United States,Japanese,Japanese signature dish,Standard,Search Engine,4,13,17,66.12,3.3,Very disappointed with the wait time and cold food.,0,47.8,1405,1
AID00459,46.0,Female,France,Greek,Greek signature dish,Gold,Advertisement,7,15,53,40.94,3.9,"The chef's tasting menu was outstanding, highly recommend.",0,75.3,1433,1
AID00377,32.0,Male,Brazil,Greek,Greek signature dish,Standard,Advertisement,5,12,2,47.4,5.0,"Absolutely loved the flavours, will definitely come back again.",1,64.1,546,1
AID01327,18.0,Male,Germany,Turkish,Turkish signature dish,Platinum,Referral,6,9,86,60.18,2.3,"Would not recommend, the experience did not meet expectations.",0,67.3,1287,1
AID00668,36.0,Female,Italy,Spanish,Spanish signature dish,Standard,Partner App,9,9,11,45.33,4.3,One of the best dining experiences we have had this year.,1,35.6,1174,1
AID01395,22.0,Prefer not to say,Brazil,Brazilian,Brazilian signature dish,Standard,Social Media,7,16,158,46.66,3.3,Very disappointed with the wait time and cold food.,1,21.2,651,1
AID00150,31.0,Female,Turkey,Mexican,Mexican signature dish,Silver,Walk-in,5,7,88,36.33,4.2,Great value for money and the staff were very attentive.,0,70.2,253,1
AID01029,25.0,Male,United Arab Emirates,Korean,Korean signature dish,Platinum,Walk-in,8,8,79,29.98,3.0,"Service was average, took a while to get our order.",0,61.3,1352,1
AID01241,55.0,Male,Italy,Japanese,Japanese signature dish,Standard,Referral,4,13,12,50.93,5.0,"The chef's tasting menu was outstanding, highly recommend.",0,54.3,561,1
AID00734,67.0,Male,Turkey,Korean,Korean signature dish,Gold,Walk-in,4,13,12,35.69,5.0,Great value for money and the staff were very attentive.,0,65.8,229,1
AID00219,42.0,Female,Germany,Turkish,Turkish signature dish,Standard,Social Media,4,8,0,64.31,3.7,Very disappointed with the wait time and cold food.,1,54.6,252,1
AID00240,38.0,Female,United States,Turkish,Turkish signature dish,Standard,Partner App,11,11,201,63.26,3.9,Overpriced for the portion size we received.,0,42.3,730,1
AID01095,34.0,Male,Italy,Korean,Korean signature dish,Gold,Social Media,9,10,31,40.08,4.6,"The chef's tasting menu was outstanding, highly recommend.",1,31.3,372,1
AID00868,32.0,Non-binary,India,Ethiopian,Ethiopian signature dish,Standard,Search Engine,7,13,164,33.71,5.0,Fantastic service and the fusion menu was a great surprise.,0,45.5,1279,1
AID00726,39.0,Female,Germany,Korean,Korean signature dish,Standard,Advertisement,5,9,195,48.36,3.9,,1,50.6,195,0
AID00193,33.0,Male,Australia,French,French signature dish,Silver,Search Engine,6,8,49,49.75,3.6,Service was slow and the order was incorrect.,0,64.4,158,1
AID00793,43.0,Female,Italy,Korean,Korean signature dish,Standard,Search Engine,6,8,19,52.11,5.0,"The chef's tasting menu was outstanding, highly recommend.",0,49.6,96,1
AID00192,40.0,Male,Netherlands,Ethiopian,Ethiopian signature dish,Silver,Walk-in,10,12,3,36.09,4.5,Great value for money and the staff were very attentive.,0,91.2,1362,1
AID00955,28.0,Female,Spain,Mexican,Mexican signature dish,Platinum,Referral,11,11,12,23.6,3.9,Great value for money and the staff were very attentive.,0,85.3,1117,1
AID01017,44.0,Female,Turkey,Italian,Italian signature dish,Standard,Search Engine,6,6,18,43.9,4.5,"The chef's tasting menu was outstanding, highly recommend.",1,87.9,181,1
AID00985,47.0,Female,United Arab Emirates,Greek,Greek signature dish,Standard,Partner App,9,9,69,40.27,4.7,"The chef's tasting menu was outstanding, highly recommend.",1,55.5,735,1
AID00645,37.0,Male,Nigeria,Greek,Greek signature dish,Standard,Walk-in,2,10,3,68.51,3.9,,0,81.7,1158,0
AID00360,53.0,Non-binary,United Arab Emirates,Moroccan,Moroccan signature dish,Standard,Advertisement,10,13,11,8.0,5.0,Fantastic service and the fusion menu was a great surprise.,0,35.7,1231,1
AID01336,56.0,Male,Turkey,Moroccan,Moroccan signature dish,Gold,Walk-in,3,3,80,8.0,4.5,"The chef's tasting menu was outstanding, highly recommend.",0,43.1,1021,1
AID01473,23.0,Female,United Arab Emirates,Indian,Indian signature dish,Gold,Referral,6,14,83,40.77,3.7,Very disappointed with the wait time and cold food.,0,52.9,616,1
AID00017,34.0,Female,Japan,French,French signature dish,Standard,Search Engine,9,11,27,88.38875,5.0,"Absolutely loved the flavours, will definitely come back again.",1,49.3,719,1
AID00334,26.0,Female,Netherlands,Japanese,Japanese signature dish,Standard,Social Media,4,11,14,52.25,4.0,Great value for money and the staff were very attentive.,1,51.0,722,1
AID01224,22.0,Female,United Kingdom,Chinese,Chinese signature dish,Gold,Search Engine,1,13,33,51.67,5.0,"Absolutely loved the flavours, will definitely come back again.",1,46.8,793,1
AID00583,41.0,Male,Germany,Ethiopian,Ethiopian signature dish,Silver,Social Media,8,12,25,55.94,3.1,Very disappointed with the wait time and cold food.,0,47.7,647,1
AID01442,47.0,Female,United States,Thai,Thai signature dish,Standard,Referral,2,11,179,61.21,3.2,Overpriced for the portion size we received.,1,56.8,1114,1
AID01086,50.0,Female,China,Korean,Korean signature dish,Silver,Advertisement,10,10,10,29.0,3.5,"Would not recommend, the experience did not meet expectations.",0,50.3,951,1
AID00840,33.0,Female,Australia,Thai,Thai signature dish,Silver,Search Engine,7,7,31,39.8,4.0,,1,61.4,790,0
AID00628,18.0,Female,Australia,Turkish,Turkish signature dish,Gold,Social Media,11,11,11,10.66,4.5,,1,94.7,1320,0
AID01412,46.0,Male,India,Lebanese,Lebanese signature dish,Platinum,Walk-in,11,11,27,63.8,3.1,,0,40.3,1066,0
AID00324,38.0,Male,Italy,Spanish,Spanish signature dish,Standard,Advertisement,3,8,6,42.21,4.9,Fantastic service and the fusion menu was a great surprise.,0,65.9,242,1
AID00825,51.0,Male,Australia,Mexican,Mexican signature dish,Gold,Referral,2,9,41,51.61,4.2,"Absolutely loved the flavours, will definitely come back again.",0,43.1,270,1
AID01459,50.0,Female,Netherlands,Ethiopian,Ethiopian signature dish,Silver,Partner App,7,10,36,70.12,3.7,"Would not recommend, the experience did not meet expectations.",1,46.1,447,1
AID00632,62.0,Male,Nigeria,Brazilian,Brazilian signature dish,Silver,Social Media,4,13,15,38.16,5.0,One of the best dining experiences we have had this year.,0,55.5,423,1
AID01051,28.0,Male,France,Brazilian,Brazilian signature dish,Platinum,Search Engine,8,10,75,48.12,3.2,,1,85.0,746,0
AID01194,34.0,Female,Japan,Korean,Korean signature dish,Standard,Advertisement,4,11,1,42.19,2.6,,0,81.6,256,0
AID00779,45.0,Female,Italy,Thai,Thai signature dish,Standard,Referral,4,7,60,30.76,4.0,"Absolutely loved the flavours, will definitely come back again.",0,65.3,825,1
AID01052,25.0,Male,Germany,Japanese,Japanese signature dish,Platinum,Referral,8,8,68,67.73,3.8,Very disappointed with the wait time and cold food.,0,34.6,1170,1
AID00940,58.0,Female,Japan,French,French signature dish,Standard,Search Engine,2,6,11,39.57,4.6,Fantastic service and the fusion menu was a great surprise.,0,89.6,1442,1
AID00856,46.0,Non-binary,Australia,Chinese,Chinese signature dish,Standard,Referral,3,10,45,59.3,4.0,"Absolutely loved the flavours, will definitely come back again.",0,45.4,1093,1
AID00438,36.0,Female,United Arab Emirates,Japanese,Japanese signature dish,Gold,Advertisement,7,10,59,48.67,4.3,,0,80.6,460,0
AID00120,39.0,Female,United Kingdom,Spanish,Spanish signature dish,Standard,Referral,5,5,16,55.06,4.3,Fantastic service and the fusion menu was a great surprise.,0,66.2,534,1
AID01073,38.0,Male,Nigeria,Greek,Greek signature dish,Standard,Social Media,5,11,9,45.96,4.3,,0,69.7,178,0
AID01181,45.0,Female,United Arab Emirates,Spanish,Spanish signature dish,Standard,Partner App,5,12,139,50.19,4.7,One of the best dining experiences we have had this year.,0,36.1,1468,1
AID00791,41.0,Male,Australia,French,French signature dish,Gold,Walk-in,8,8,5,44.64,4.3,Fantastic service and the fusion menu was a great surprise.,0,78.0,167,1
AID00342,39.0,Female,Brazil,Ethiopian,Ethiopian signature dish,Gold,Walk-in,5,8,37,88.38875,4.3,Great value for money and the staff were very attentive.,0,72.9,37,1
AID00816,43.0,Male,Japan,Turkish,Turkish signature dish,Silver,Advertisement,4,8,11,8.0,3.1,Very disappointed with the wait time and cold food.,1,63.0,1105,1
AID00003,33.0,Male,Germany,Spanish,Spanish signature dish,Standard,Search Engine,4,9,27,38.56,4.4,,1,47.7,957,0
AID00230,33.0,Male,Brazil,Spanish,Spanish signature dish,Standard,Advertisement,5,14,46,37.25,3.4,Service was slow and the order was incorrect.,0,47.5,851,1
AID01139,33.0,Non-binary,Brazil,Brazilian,Brazilian signature dish,Silver,Partner App,2,6,49,47.47,3.9,Overpriced for the portion size we received.,0,82.6,784,1
AID01463,33.0,Female,China,Thai,Thai signature dish,Standard,Social Media,6,15,33,11.84,4.6,"The chef's tasting menu was outstanding, highly recommend.",0,19.9,149,1
AID00077,43.0,Female,India,French,French signature dish,Silver,Partner App,4,6,1,42.19,3.6,Overpriced for the portion size we received.,0,0.0,1039,1
AID01406,56.0,Female,Italy,French,French signature dish,Silver,Partner App,2,13,5,38.15,3.5,Very disappointed with the wait time and cold food.,0,55.5,823,1
AID00901,26.0,Male,France,Spanish,Spanish signature dish,Silver,Partner App,7,7,1,22.34,4.6,"Absolutely loved the flavours, will definitely come back again.",1,65.4,64,1
AID01226,20.0,Female,United Kingdom,French,French signature dish,Standard,Advertisement,3,9,69,29.2,3.5,Very disappointed with the wait time and cold food.,1,38.6,703,1
AID00372,31.0,Male,Australia,Indian,Indian signature dish,Standard,Search Engine,6,9,10,85.58,3.3,Overpriced for the portion size we received.,0,45.9,1247,1
AID00181,18.0,Male,United Kingdom,Thai,Thai signature dish,Gold,Social Media,4,4,35,47.33,4.8,,0,53.8,954,0
AID01091,48.0,Female,China,Lebanese,Lebanese signature dish,Standard,Advertisement,4,11,67,32.46,5.0,Fantastic service and the fusion menu was a great surprise.,0,77.4,1089,1
AID01494,31.0,Female,Germany,Mexican,Mexican signature dish,Standard,Referral,7,7,19,34.65,3.9,Very disappointed with the wait time and cold food.,1,50.7,1362,1
AID00942,41.0,Female,Nigeria,French,French signature dish,Standard,Search Engine,6,9,1,41.61,2.5,,0,85.0,25,0
AID00578,26.0,Male,Japan,Thai,Thai signature dish,Standard,Search Engine,7,8,80,48.24,3.7,Service was slow and the order was incorrect.,1,80.0,1190,1
AID00979,33.0,Prefer not to say,Japan,Italian,Italian signature dish,Standard,Search Engine,6,7,56,43.45,4.2,"The chef's tasting menu was outstanding, highly recommend.",0,72.4,109,1
AID00820,43.0,Male,France,Greek,Greek signature dish,Standard,Partner App,2,6,274,50.04,5.0,"The chef's tasting menu was outstanding, highly recommend.",0,67.0,1455,1
AID01110,39.0,Male,Germany,Turkish,Turkish signature dish,Silver,Advertisement,5,10,51,39.16,5.0,,0,23.5,385,0
AID01128,37.0,Female,Nigeria,Indian,Indian signature dish,Platinum,Referral,5,6,13,41.14,3.1,"Would not recommend, the experience did not meet expectations.",1,62.8,877,1
AID01307,48.0,Male,China,Spanish,Spanish signature dish,Silver,Referral,6,7,138,67.67,4.6,Great value for money and the staff were very attentive.,0,52.8,207,1
AID01298,35.0,Male,Nigeria,Ethiopian,Ethiopian signature dish,Silver,Advertisement,9,9,86,48.35,3.4,Overpriced for the portion size we received.,0,61.1,551,1
AID00063,50.0,Female,United Kingdom,Greek,Greek signature dish,Silver,Walk-in,6,10,17,54.21,2.5,Overpriced for the portion size we received.,1,83.4,245,1
AID00590,40.0,Male,Australia,Korean,Korean signature dish,Gold,Walk-in,3,8,73,42.76,4.4,Fantastic service and the fusion menu was a great surprise.,0,48.6,1459,1
AID00887,43.0,Female,Nigeria,Italian,Italian signature dish,Silver,Search Engine,1,11,42,57.93,2.1,,1,35.5,1354,0
AID00969,38.0,Female,United Arab Emirates,Turkish,Turkish signature dish,Gold,Search Engine,8,10,25,42.19,4.0,,0,55.7,484,0
AID01493,36.0,Male,Australia,Brazilian,Brazilian signature dish,Gold,Referral,6,6,9,24.54,4.6,"The chef's tasting menu was outstanding, highly recommend.",0,63.6,1442,1
AID00786,62.0,Female,Brazil,Chinese,Chinese signature dish,Silver,Advertisement,5,5,117,74.21,4.5,One of the best dining experiences we have had this year.,0,30.8,117,1
AID01163,27.0,Non-binary,Japan,Turkish,Turkish signature dish,Silver,Social Media,3,13,21,55.6,5.0,,0,76.9,742,0
AID00312,47.0,Female,Brazil,Turkish,Turkish signature dish,Silver,Walk-in,5,8,8,60.88,3.9,Service was slow and the order was incorrect.,1,28.9,943,1
AID01218,31.0,Male,Turkey,Mexican,Mexican signature dish,Standard,Social Media,3,8,3,26.07,5.0,,0,49.0,39,0
AID00302,42.0,Female,China,Ethiopian,Ethiopian signature dish,Standard,Referral,11,11,35,42.19,5.0,,0,72.9,163,0
AID00723,52.0,Female,United Kingdom,Korean,Korean signature dish,Gold,Walk-in,7,9,7,53.03,4.1,"The chef's tasting menu was outstanding, highly recommend.",1,63.8,1398,1
AID00690,34.0,Female,Spain,Spanish,Spanish signature dish,Silver,Walk-in,11,11,17,29.44,3.5,Service was slow and the order was incorrect.,0,44.8,400,1
AID00813,29.0,Male,India,Brazilian,Brazilian signature dish,Silver,Partner App,6,10,14,81.56,5.0,,1,91.5,117,0
AID00038,56.0,Male,Brazil,Italian,Italian signature dish,Standard,Advertisement,5,11,22,54.61,4.3,"The chef's tasting menu was outstanding, highly recommend.",1,64.0,1095,1
AID00354,43.0,Male,United Arab Emirates,Korean,Korean signature dish,Standard,Advertisement,7,11,1,22.81,5.0,"The chef's tasting menu was outstanding, highly recommend.",0,37.2,1033,1
AID01398,39.0,Female,Netherlands,Chinese,Chinese signature dish,Gold,Walk-in,7,7,37,8.0,3.8,Service was slow and the order was incorrect.,0,61.9,739,1
AID00715,28.0,Male,Spain,Lebanese,Lebanese signature dish,Gold,Advertisement,8,9,67,58.78,3.0,,0,87.6,537,0
AID00981,60.0,Female,China,Brazilian,Brazilian signature dish,Silver,Advertisement,4,13,18,61.91,5.0,Great value for money and the staff were very attentive.,0,65.7,913,1
AID00237,23.0,Female,United Arab Emirates,Mexican,Mexican signature dish,Standard,Partner App,13,13,64,22.42,5.0,"The chef's tasting menu was outstanding, highly recommend.",0,34.1,1090,1
AID01269,40.0,Male,Japan,Spanish,Spanish signature dish,Standard,Social Media,7,10,64,39.94,1.5,,0,55.5,1356,0
AID00963,18.0,Non-binary,United Arab Emirates,Ethiopian,Ethiopian signature dish,Gold,Partner App,2,11,27,48.76,2.4,Overpriced for the portion size we received.,1,28.0,969,1
AID01160,43.0,Female,Spain,Italian,Italian signature dish,Silver,Advertisement,5,10,29,14.06,4.0,,0,56.5,786,0
AID00730,33.0,Male,Spain,Korean,Korean signature dish,Standard,Walk-in,5,15,58,48.84,2.7,Overpriced for the portion size we received.,0,38.9,538,1
AID01254,35.0,Male,Nigeria,Spanish,Spanish signature dish,Silver,Social Media,7,7,35,51.55,3.4,,1,59.8,1211,0
AID01027,57.0,Prefer not to say,Japan,Moroccan,Moroccan signature dish,Gold,Walk-in,5,10,47,64.37,4.3,Great value for money and the staff were very attentive.,1,90.4,1362,1
AID00500,58.0,Female,Nigeria,Moroccan,Moroccan signature dish,Standard,Partner App,4,12,26,53.81,3.4,"Would not recommend, the experience did not meet expectations.",0,64.7,775,1
AID01320,57.0,Female,India,Japanese,Japanese signature dish,Gold,Partner App,8,9,13,40.7,2.2,Service was slow and the order was incorrect.,0,23.5,47,1
AID00795,31.0,Male,Japan,Japanese,Japanese signature dish,Standard,Partner App,2,12,7,46.64,3.6,,0,47.2,526,0
AID01157,37.0,Male,France,Thai,Thai signature dish,Platinum,Walk-in,6,7,10,35.97,3.5,Overpriced for the portion size we received.,0,58.0,209,1
AID00991,40.0,Female,Australia,Italian,Italian signature dish,Standard,Social Media,6,15,104,8.0,2.7,Service was slow and the order was incorrect.,0,62.3,407,1
AID01039,36.0,Male,India,French,French signature dish,Silver,Advertisement,6,7,19,76.32,3.5,,0,71.1,1488,0
AID00935,31.0,Male,United States,Turkish,Turkish signature dish,Standard,Partner App,7,10,77,18.38,3.0,"Decent experience overall, might try again sometime.",0,52.1,731,1
AID00388,59.0,Prefer not to say,Brazil,Ethiopian,Ethiopian signature dish,Standard,Advertisement,6,8,72,68.26,3.5,,0,72.1,1400,0
AID00391,24.0,Female,Spain,French,French signature dish,Standard,Partner App,16,16,22,16.45,2.8,Overpriced for the portion size we received.,1,55.5,932,1
AID00744,41.0,Female,Nigeria,Japanese,Japanese signature dish,Silver,Search Engine,5,6,3,40.1,2.2,Service was slow and the order was incorrect.,1,45.9,1228,1
AID00353,31.0,Prefer not to say,United Kingdom,Thai,Thai signature dish,Standard,Advertisement,6,12,64,66.93,3.4,Service was slow and the order was incorrect.,1,68.3,923,1
AID00236,55.0,Non-binary,China,Thai,Thai signature dish,Silver,Social Media,8,10,50,77.2,3.4,Service was slow and the order was incorrect.,1,7.9,1023,1
AID01290,18.0,Male,Italy,Moroccan,Moroccan signature dish,Standard,Advertisement,5,15,18,36.74,3.4,Very disappointed with the wait time and cold food.,0,61.6,230,1
AID00481,31.0,Male,Brazil,Indian,Indian signature dish,Silver,Partner App,4,8,164,80.01,3.0,"Decent experience overall, might try again sometime.",0,60.7,803,1
AID00568,54.0,Female,United Kingdom,Lebanese,Lebanese signature dish,Standard,Walk-in,2,2,16,42.19,4.3,Great value for money and the staff were very attentive.,0,63.0,572,1
AID01274,59.0,Non-binary,Spain,Chinese,Chinese signature dish,Standard,Search Engine,4,13,60,43.65,5.0,Fantastic service and the fusion menu was a great surprise.,1,68.9,759,1
AID01410,20.0,Male,Spain,Brazilian,Brazilian signature dish,Standard,Search Engine,6,6,27,8.0,5.0,"Absolutely loved the flavours, will definitely come back again.",0,80.3,1024,1
AID01184,38.0,Prefer not to say,Netherlands,Greek,Greek signature dish,Standard,Advertisement,4,7,2,30.85,4.1,Fantastic service and the fusion menu was a great surprise.,0,48.6,1125,1
AID00121,25.0,Female,Germany,Turkish,Turkish signature dish,Gold,Advertisement,6,8,42,34.3,2.5,Overpriced for the portion size we received.,1,70.7,454,1
AID01304,21.0,Non-binary,Netherlands,Greek,Greek signature dish,Standard,Search Engine,12,12,4,19.4,4.5,Fantastic service and the fusion menu was a great surprise.,1,46.4,1010,1
AID01025,38.0,Male,United Kingdom,Korean,Korean signature dish,Platinum,Search Engine,6,8,45,49.95,2.9,Overpriced for the portion size we received.,0,55.5,1031,1
AID00927,31.0,Female,Turkey,Chinese,Chinese signature dish,Standard,Referral,4,7,19,28.62,2.6,,0,48.4,1337,0
AID00516,38.0,Non-binary,Australia,Indian,Indian signature dish,Platinum,Partner App,5,7,24,38.14,3.3,"Would not recommend, the experience did not meet expectations.",0,58.9,1017,1
AID00224,38.0,Male,United States,Japanese,Japanese signature dish,Standard,Search Engine,3,8,58,57.2,3.8,"Would not recommend, the experience did not meet expectations.",0,34.8,691,1
AID01117,67.0,Male,Brazil,Indian,Indian signature dish,Silver,Social Media,10,10,41,17.16,3.0,,0,78.5,427,0
AID00614,48.0,Male,Australia,Greek,Greek signature dish,Silver,Social Media,3,12,45,53.79,3.7,,1,55.5,455,0
AID00844,29.0,Male,India,Mexican,Mexican signature dish,Standard,Search Engine,3,10,10,37.45,3.3,,0,45.6,1040,0
AID00053,18.0,Male,China,Korean,Korean signature dish,Gold,Referral,9,9,21,13.79,3.6,"Would not recommend, the experience did not meet expectations.",1,38.7,1492,1
AID01394,60.0,Non-binary,China,Japanese,Japanese signature dish,Gold,Search Engine,6,12,41,46.78,3.7,Service was slow and the order was incorrect.,1,71.7,1490,1
AID00486,41.0,Female,Germany,Mexican,Mexican signature dish,Gold,Search Engine,4,12,12,40.88,3.9,Service was slow and the order was incorrect.,1,78.1,368,1
AID01446,50.0,Female,Brazil,Greek,Greek signature dish,Standard,Social Media,5,14,16,50.63,3.4,Overpriced for the portion size we received.,0,55.2,834,1
AID00819,40.0,Female,Japan,Ethiopian,Ethiopian signature dish,Standard,Advertisement,3,3,24,79.94,3.7,"Would not recommend, the experience did not meet expectations.",0,11.3,1214,1
AID00156,18.0,Female,Italy,Italian,Italian signature dish,Standard,Social Media,4,12,269,33.51,4.4,One of the best dining experiences we have had this year.,0,57.9,1305,1
AID00601,18.0,Female,United Arab Emirates,Italian,Italian signature dish,Gold,Search Engine,4,7,104,71.59,3.6,"Would not recommend, the experience did not meet expectations.",0,38.9,192,1
AID01213,58.0,Male,China,Chinese,Chinese signature dish,Standard,Social Media,4,11,27,51.17,3.2,Overpriced for the portion size we received.,0,75.8,65,1
AID00249,25.0,Female,United Kingdom,Italian,Italian signature dish,Gold,Search Engine,5,12,46,51.58,3.6,Service was slow and the order was incorrect.,1,54.2,356,1
AID00762,21.0,Prefer not to say,China,Ethiopian,Ethiopian signature dish,Silver,Search Engine,8,8,129,51.46,3.1,Very disappointed with the wait time and cold food.,1,86.7,243,1
AID01382,30.0,Female,Germany,Spanish,Spanish signature dish,Gold,Walk-in,9,13,46,42.85,4.4,"The chef's tasting menu was outstanding, highly recommend.",0,40.1,796,1
AID00543,38.0,Male,United Kingdom,Moroccan,Moroccan signature dish,Gold,Walk-in,6,6,37,63.92,3.9,Fantastic service and the fusion menu was a great surprise.,1,47.5,1328,1
AID00794,22.0,Female,Nigeria,Turkish,Turkish signature dish,Silver,Social Media,8,9,4,46.62,5.0,,1,62.4,1450,0
AID01372,57.0,Non-binary,Germany,Indian,Indian signature dish,Silver,Walk-in,4,11,20,20.05,2.6,,0,46.9,1369,0
AID00629,41.0,Male,Italy,Turkish,Turkish signature dish,Silver,Walk-in,3,8,17,20.01,4.1,"The chef's tasting menu was outstanding, highly recommend.",0,65.3,1049,1
AID00151,58.0,Female,France,Greek,Greek signature dish,Standard,Walk-in,5,13,7,17.29,3.8,Service was slow and the order was incorrect.,1,80.4,1098,1
AID00292,33.0,Female,Netherlands,Italian,Italian signature dish,Standard,Partner App,6,7,20,53.65,4.2,"The chef's tasting menu was outstanding, highly recommend.",1,43.8,1321,1
AID00382,34.0,Female,Nigeria,Greek,Greek signature dish,Standard,Search Engine,8,10,10,22.6,3.7,Overpriced for the portion size we received.,0,42.5,370,1
AID00687,56.0,Female,Italy,Lebanese,Lebanese signature dish,Silver,Walk-in,8,15,15,35.38,3.0,"Decent experience overall, might try again sometime.",0,11.3,1324,1
AID00898,38.0,Female,Spain,Lebanese,Lebanese signature dish,Gold,Walk-in,5,10,179,35.0,3.6,Very disappointed with the wait time and cold food.,0,47.4,601,1
AID00855,38.0,Male,Italy,Brazilian,Brazilian signature dish,Standard,Referral,5,10,21,50.6,2.5,Service was slow and the order was incorrect.,1,67.1,1166,1
AID01072,18.0,Female,United Kingdom,Thai,Thai signature dish,Silver,Referral,4,14,98,48.7,3.4,,0,100.0,607,0
AID01154,34.0,Male,Brazil,Lebanese,Lebanese signature dish,Standard,Social Media,4,7,36,38.73,3.9,"The chef's tasting menu was outstanding, highly recommend.",0,55.5,478,1
AID01279,40.0,Male,United Kingdom,Moroccan,Moroccan signature dish,Standard,Advertisement,6,11,33,8.0,4.3,"The chef's tasting menu was outstanding, highly recommend.",0,83.7,1359,1
AID00892,48.0,Male,Brazil,Chinese,Chinese signature dish,Standard,Social Media,5,14,55,65.67,3.9,,0,28.2,863,0
AID00616,43.0,Male,India,Ethiopian,Ethiopian signature dish,Standard,Advertisement,9,11,5,54.87,3.1,Overpriced for the portion size we received.,0,67.0,153,1
AID00155,41.0,Male,Italy,Spanish,Spanish signature dish,Standard,Search Engine,6,12,62,65.35,4.0,Great value for money and the staff were very attentive.,0,71.9,302,1
AID00323,48.0,Female,France,Chinese,Chinese signature dish,Standard,Search Engine,7,11,59,53.95,3.9,Very disappointed with the wait time and cold food.,0,0.5,751,1
AID01169,60.0,Male,Netherlands,Greek,Greek signature dish,Standard,Partner App,7,7,42,42.39,3.4,"Would not recommend, the experience did not meet expectations.",1,52.2,439,1
AID00083,38.0,Female,Germany,French,French signature dish,Standard,Advertisement,6,9,9,25.66,3.9,Very disappointed with the wait time and cold food.,0,72.0,829,1
AID00513,46.0,Male,Australia,Korean,Korean signature dish,Gold,Partner App,5,8,57,67.66,3.7,Service was slow and the order was incorrect.,0,47.8,57,1
AID01153,35.0,Female,Japan,Moroccan,Moroccan signature dish,Standard,Referral,6,10,48,50.26,4.5,One of the best dining experiences we have had this year.,1,8.2,467,1
AID00930,30.0,Male,Spain,Turkish,Turkish signature dish,Standard,Advertisement,7,9,15,73.06,4.3,Fantastic service and the fusion menu was a great surprise.,0,29.5,926,1
AID01237,27.0,Female,United States,Lebanese,Lebanese signature dish,Gold,Search Engine,4,7,23,23.9,3.9,,0,44.3,186,0
AID00011,43.0,Female,India,Japanese,Japanese signature dish,Gold,Advertisement,12,12,31,47.33,3.1,"Would not recommend, the experience did not meet expectations.",1,55.5,162,1
AID00832,28.0,Male,Italy,Brazilian,Brazilian signature dish,Standard,Referral,7,20,205,59.1,3.8,Very disappointed with the wait time and cold food.,1,58.4,215,1
AID00033,38.0,Female,United States,Turkish,Turkish signature dish,Silver,Social Media,6,13,3,57.59,3.4,,0,45.3,201,0
AID00414,35.0,Male,Brazil,Turkish,Turkish signature dish,Standard,Search Engine,7,9,67,34.04,3.7,Service was slow and the order was incorrect.,1,59.7,433,1
AID00581,41.0,Female,United Arab Emirates,Thai,Thai signature dish,Platinum,Walk-in,8,13,41,50.25,3.6,Overpriced for the portion size we received.,0,55.8,256,1
AID01171,64.0,Male,United States,Indian,Indian signature dish,Silver,Walk-in,6,12,15,13.14,4.0,One of the best dining experiences we have had this year.,1,39.9,984,1
AID01439,36.0,Male,Spain,Mexican,Mexican signature dish,Gold,Search Engine,8,9,8,38.48,2.7,,1,44.3,326,0
AID00615,38.0,Female,Brazil,Italian,Italian signature dish,Silver,Advertisement,3,8,254,42.71,4.3,"The chef's tasting menu was outstanding, highly recommend.",0,58.2,1047,1
AID01046,52.0,Female,Nigeria,Turkish,Turkish signature dish,Platinum,Search Engine,4,11,18,13.65,3.4,Overpriced for the portion size we received.,1,41.4,675,1
AID01015,48.0,Female,United Arab Emirates,Chinese,Chinese signature dish,Gold,Walk-in,8,14,26,30.55,3.9,"Absolutely loved the flavours, will definitely come back again.",0,36.0,787,1
AID00090,18.0,Male,Italy,Korean,Korean signature dish,Standard,Social Media,5,12,18,37.68,3.0,,1,78.7,1268,0
AID01384,28.0,Female,United States,Mexican,Mexican signature dish,Standard,Advertisement,3,4,36,41.37,4.9,One of the best dining experiences we have had this year.,0,67.6,1025,1
AID00602,27.0,Non-binary,Spain,Lebanese,Lebanese signature dish,Standard,Referral,5,7,104,71.91,5.0,Great value for money and the staff were very attentive.,0,45.2,1209,1
AID00134,30.0,Female,United Arab Emirates,Turkish,Turkish signature dish,Silver,Walk-in,7,12,6,60.21,4.3,"The chef's tasting menu was outstanding, highly recommend.",1,68.7,563,1
AID00556,29.0,Female,United States,Thai,Thai signature dish,Gold,Walk-in,4,9,7,56.88,3.8,,0,77.1,1031,0
AID01032,43.0,Female,United Arab Emirates,Italian,Italian signature dish,Standard,Search Engine,4,9,13,32.94,5.0,,0,22.4,519,0
AID01191,52.0,Male,Australia,Greek,Greek signature dish,Standard,Partner App,10,11,4,42.03,3.8,Overpriced for the portion size we received.,1,73.7,868,1
AID00321,32.0,Male,China,Ethiopian,Ethiopian signature dish,Silver,Partner App,5,8,15,34.53,4.6,"Absolutely loved the flavours, will definitely come back again.",1,73.5,1169,1
AID01335,48.0,Male,Netherlands,Greek,Greek signature dish,Silver,Advertisement,7,13,96,43.99,3.9,,0,90.5,290,0
AID01499,35.0,Male,Australia,Thai,Thai signature dish,Standard,Walk-in,8,13,15,63.45,5.0,"The chef's tasting menu was outstanding, highly recommend.",0,58.9,81,1
AID00635,42.0,Female,Brazil,French,French signature dish,Standard,Referral,5,14,13,51.19,4.4,,0,67.7,209,0
AID00553,36.0,Male,Turkey,Japanese,Japanese signature dish,Standard,Social Media,7,13,7,43.94,4.2,"Absolutely loved the flavours, will definitely come back again.",1,55.4,504,1
AID01056,25.0,Male,India,Thai,Thai signature dish,Standard,Walk-in,4,4,9,20.51,3.6,,0,71.4,940,0
AID01178,20.0,Male,Brazil,Greek,Greek signature dish,Standard,Social Media,4,9,42,51.65,3.6,Very disappointed with the wait time and cold food.,1,27.2,1128,1
AID00797,54.0,Female,Australia,Mexican,Mexican signature dish,Standard,Social Media,6,6,16,50.45,3.0,"Service was average, took a while to get our order.",0,85.1,241,1
AID01261,38.0,Male,Nigeria,Brazilian,Brazilian signature dish,Silver,Social Media,10,11,29,30.58,4.9,,0,57.0,1318,0
AID01292,33.0,Female,Spain,Chinese,Chinese signature dish,Standard,Referral,3,10,1,42.38,2.6,Very disappointed with the wait time and cold food.,1,45.0,1175,1
AID00175,54.0,Female,Turkey,French,French signature dish,Silver,Referral,3,7,21,46.12,4.5,,0,73.7,925,0
AID00767,44.0,Male,Nigeria,Thai,Thai signature dish,Silver,Social Media,6,6,7,51.2,3.9,Overpriced for the portion size we received.,0,59.8,1101,1
AID00246,24.0,Male,Germany,Japanese,Japanese signature dish,Standard,Referral,8,9,72,72.14,4.6,Great value for money and the staff were very attentive.,1,64.4,292,1
AID01081,29.0,Male,Turkey,Chinese,Chinese signature dish,Silver,Advertisement,5,5,65,27.15,3.7,Service was slow and the order was incorrect.,0,72.8,996,1
AID01452,21.0,Female,Italy,Indian,Indian signature dish,Silver,Search Engine,6,10,0,33.06,3.3,"Would not recommend, the experience did not meet expectations.",0,38.7,839,1
AID00146,27.0,Female,United States,Mexican,Mexican signature dish,Standard,Advertisement,6,10,35,48.45,3.7,Very disappointed with the wait time and cold food.,0,94.1,75,1
AID00091,37.0,Male,Brazil,French,French signature dish,Platinum,Social Media,6,13,19,45.16,3.6,Service was slow and the order was incorrect.,0,50.3,87,1
AID00683,34.0,Female,Netherlands,Japanese,Japanese signature dish,Standard,Advertisement,3,10,13,19.4,3.7,Overpriced for the portion size we received.,0,97.0,315,1
AID00311,45.0,Male,Turkey,Moroccan,Moroccan signature dish,Platinum,Referral,2,19,3,12.99,3.8,Overpriced for the portion size we received.,1,28.0,350,1
AID00094,41.0,Female,United Kingdom,Ethiopian,Ethiopian signature dish,Standard,Walk-in,4,5,0,32.37,4.6,,1,55.2,385,0
AID01187,63.0,Male,Spain,Greek,Greek signature dish,Platinum,Referral,1,9,46,46.44,4.4,"The chef's tasting menu was outstanding, highly recommend.",0,82.3,598,1
AID00925,35.0,Male,Italy,Spanish,Spanish signature dish,Gold,Advertisement,8,8,1,53.93,4.3,"Absolutely loved the flavours, will definitely come back again.",0,26.9,1089,1
AID01278,38.0,Female,United Arab Emirates,Brazilian,Brazilian signature dish,Standard,Walk-in,3,8,17,14.71,5.0,,1,53.0,1092,0
AID01036,32.0,Male,France,French,French signature dish,Standard,Partner App,2,2,20,57.53,3.4,"Would not recommend, the experience did not meet expectations.",0,65.4,401,1
AID00244,32.0,Male,United States,Italian,Italian signature dish,Standard,Referral,4,10,55,32.48,4.5,Fantastic service and the fusion menu was a great surprise.,0,44.5,1158,1
AID01112,31.0,Male,France,Mexican,Mexican signature dish,Standard,Social Media,5,5,63,66.45,2.9,Very disappointed with the wait time and cold food.,0,29.1,441,1
AID00215,41.0,Female,Japan,Turkish,Turkish signature dish,Silver,Social Media,10,10,92,39.81,2.3,,0,27.8,644,0
AID00999,35.0,Male,Germany,Ethiopian,Ethiopian signature dish,Gold,Social Media,8,10,11,44.78,5.0,"The chef's tasting menu was outstanding, highly recommend.",0,20.3,1013,1
AID00854,18.0,Female,Nigeria,Chinese,Chinese signature dish,Standard,Advertisement,6,7,24,27.6,5.0,Fantastic service and the fusion menu was a great surprise.,1,56.8,527,1
AID00426,22.0,Female,Australia,Greek,Greek signature dish,Standard,Walk-in,9,9,29,71.24,3.2,Overpriced for the portion size we received.,1,74.9,823,1
AID01330,45.0,Female,United States,Turkish,Turkish signature dish,Standard,Partner App,7,9,42,24.85,5.0,Fantastic service and the fusion menu was a great surprise.,0,34.4,1257,1
AID00227,47.0,Female,Spain,Thai,Thai signature dish,Standard,Social Media,8,9,42,51.87,5.0,Fantastic service and the fusion menu was a great surprise.,1,63.8,959,1
AID01234,35.0,Female,Nigeria,Spanish,Spanish signature dish,Gold,Partner App,13,14,57,22.91,2.8,Overpriced for the portion size we received.,1,15.2,860,1
AID00001,47.0,Female,Germany,Ethiopian,Ethiopian signature dish,Silver,Advertisement,6,12,49,43.19,3.9,,1,63.3,1050,0
AID00402,38.0,Female,India,Spanish,Spanish signature dish,Silver,Search Engine,1,5,18,61.7,3.9,Fantastic service and the fusion menu was a great surprise.,0,29.7,1144,1
AID01104,38.0,Male,China,French,French signature dish,Platinum,Partner App,4,5,25,26.37,4.8,,0,52.6,1467,0
AID00085,59.0,Male,Nigeria,Indian,Indian signature dish,Platinum,Walk-in,3,9,25,40.74,3.2,,1,67.3,196,0
AID00163,29.0,Female,United Kingdom,Italian,Italian signature dish,Gold,Referral,5,8,53,30.41,3.7,,1,56.9,945,0
AID00115,45.0,Female,Spain,Brazilian,Brazilian signature dish,Standard,Search Engine,14,14,28,42.19,4.1,Fantastic service and the fusion menu was a great surprise.,0,73.9,623,1
AID00671,48.0,Male,Nigeria,Ethiopian,Ethiopian signature dish,Standard,Referral,6,13,14,51.54,3.9,,0,33.6,1120,0
AID01448,40.0,Male,Turkey,Turkish,Turkish signature dish,Silver,Social Media,11,11,38,50.33,4.1,,1,59.8,999,0
AID00890,45.0,Female,United Kingdom,Spanish,Spanish signature dish,Gold,Social Media,4,10,98,62.52,3.4,Very disappointed with the wait time and cold food.,1,55.6,616,1
AID00626,24.0,Female,Italy,Korean,Korean signature dish,Standard,Social Media,2,11,90,43.28,3.3,"Would not recommend, the experience did not meet expectations.",0,65.7,326,1
AID01481,34.0,Male,Netherlands,Japanese,Japanese signature dish,Silver,Referral,5,8,15,41.53,3.0,"It was okay, the ambience could be improved.",0,48.2,1469,1
AID00953,40.0,Male,Italy,Indian,Indian signature dish,Platinum,Advertisement,10,10,62,46.62,4.2,,0,58.2,683,0
AID00808,54.0,Female,United Kingdom,Korean,Korean signature dish,Gold,Advertisement,5,12,15,30.91,4.0,One of the best dining experiences we have had this year.,1,41.0,371,1
AID00259,50.0,Male,Brazil,Korean,Korean signature dish,Silver,Advertisement,6,6,17,18.91,4.5,"Absolutely loved the flavours, will definitely come back again.",1,17.7,402,1
AID00625,55.0,Male,Germany,Indian,Indian signature dish,Standard,Search Engine,2,7,49,8.0,5.0,"Absolutely loved the flavours, will definitely come back again.",0,0.0,737,1
AID00827,43.0,Male,France,Italian,Italian signature dish,Standard,Social Media,7,11,2,44.65,3.9,"Absolutely loved the flavours, will definitely come back again.",1,60.8,1366,1
AID00235,38.0,Female,Germany,Chinese,Chinese signature dish,Standard,Partner App,7,7,41,36.01,3.1,"Would not recommend, the experience did not meet expectations.",1,50.4,1138,1
AID00136,38.0,Female,United Kingdom,Ethiopian,Ethiopian signature dish,Silver,Search Engine,3,7,45,30.69,3.9,,0,30.7,718,0
AID00617,42.0,Male,United States,Thai,Thai signature dish,Silver,Partner App,6,10,63,20.02,3.9,One of the best dining experiences we have had this year.,0,54.0,1431,1
AID00837,38.0,Male,Japan,Italian,Italian signature dish,Standard,Referral,5,5,48,51.14,5.0,,0,55.4,575,0
AID00843,59.0,Male,Japan,Lebanese,Lebanese signature dish,Gold,Walk-in,5,5,18,59.37,3.7,Very disappointed with the wait time and cold food.,0,24.7,582,1
AID00960,37.0,Male,Spain,French,French signature dish,Silver,Search Engine,6,13,10,35.7,1.7,Overpriced for the portion size we received.,0,78.2,421,1
AID00593,28.0,Female,Turkey,Chinese,Chinese signature dish,Standard,Referral,6,6,18,43.82,3.9,"The chef's tasting menu was outstanding, highly recommend.",0,61.7,427,1
AID00344,37.0,Female,Germany,Greek,Greek signature dish,Gold,Walk-in,8,8,98,21.4,3.8,Very disappointed with the wait time and cold food.,0,52.2,435,1
AID01250,37.0,Male,Italy,Mexican,Mexican signature dish,Standard,Advertisement,7,9,61,31.77,4.6,"Absolutely loved the flavours, will definitely come back again.",1,55.4,842,1
AID00294,49.0,Female,Australia,French,French signature dish,Platinum,Partner App,3,7,125,41.59,4.4,One of the best dining experiences we have had this year.,0,24.5,1217,1
AID00365,18.0,Female,Germany,Indian,Indian signature dish,Standard,Search Engine,9,9,30,54.86,5.0,Great value for money and the staff were very attentive.,0,52.9,1188,1
AID00179,28.0,Female,Germany,Ethiopian,Ethiopian signature dish,Standard,Walk-in,3,10,33,43.84,4.1,"The chef's tasting menu was outstanding, highly recommend.",0,82.0,1095,1
AID00660,36.0,Female,Nigeria,Lebanese,Lebanese signature dish,Gold,Search Engine,5,10,23,8.0,4.3,"Absolutely loved the flavours, will definitely come back again.",0,55.3,858,1
AID00997,30.0,Female,Netherlands,Lebanese,Lebanese signature dish,Standard,Partner App,12,17,7,61.36,3.8,,0,70.9,985,0
AID00015,36.0,Female,Spain,Spanish,Spanish signature dish,Silver,Social Media,8,9,74,40.76,5.0,,0,55.5,91,0
AID01111,48.0,Male,Spain,Ethiopian,Ethiopian signature dish,Standard,Referral,7,7,67,28.13,5.0,"The chef's tasting menu was outstanding, highly recommend.",0,46.1,536,1
AID00166,46.0,Female,Japan,Moroccan,Moroccan signature dish,Standard,Search Engine,6,9,12,48.67,3.3,Overpriced for the portion size we received.,0,18.6,844,1
AID01422,36.0,Male,India,Turkish,Turkish signature dish,Gold,Search Engine,3,7,31,56.47,3.2,Overpriced for the portion size we received.,0,55.5,259,1
AID00060,23.0,Female,France,Spanish,Spanish signature dish,Standard,Walk-in,4,13,17,25.48,4.1,,0,35.3,1017,0
AID00710,33.0,Male,Germany,Thai,Thai signature dish,Silver,Advertisement,3,9,28,52.1,4.2,,0,41.5,625,0
AID00677,29.0,Male,India,Greek,Greek signature dish,Standard,Social Media,9,12,17,48.02,2.9,Service was slow and the order was incorrect.,0,28.1,498,1
AID00781,43.0,Male,France,Indian,Indian signature dish,Silver,Referral,5,15,34,14.56,5.0,One of the best dining experiences we have had this year.,1,34.7,912,1
AID00425,25.0,Female,Spain,Mexican,Mexican signature dish,Standard,Search Engine,4,7,106,31.6,4.0,Fantastic service and the fusion menu was a great surprise.,1,23.3,106,1
AID00293,45.0,Female,France,Ethiopian,Ethiopian signature dish,Platinum,Partner App,7,7,43,38.11,5.0,Fantastic service and the fusion menu was a great surprise.,0,83.4,369,1
AID01066,18.0,Female,United Arab Emirates,Thai,Thai signature dish,Standard,Advertisement,6,7,52,8.0,4.3,Fantastic service and the fusion menu was a great surprise.,1,40.5,929,1
AID01353,31.0,Female,Italy,Greek,Greek signature dish,Silver,Advertisement,4,12,50,30.62,4.6,,1,55.5,88,0
AID00330,18.0,Female,China,Greek,Greek signature dish,Gold,Partner App,4,6,27,29.9,3.8,Service was slow and the order was incorrect.,0,46.2,1346,1
AID00430,53.0,Female,United States,Japanese,Japanese signature dish,Silver,Partner App,10,10,66,39.93,3.9,"Absolutely loved the flavours, will definitely come back again.",1,68.8,170,1
AID01013,38.0,Male,Turkey,Turkish,Turkish signature dish,Standard,Referral,4,7,123,66.8,3.1,,0,62.8,995,0
AID00080,57.0,Male,Germany,Japanese,Japanese signature dish,Silver,Referral,8,10,32,30.95,3.8,,0,66.8,1351,0
AID01053,45.0,Male,United States,Thai,Thai signature dish,Standard,Social Media,3,12,55,28.72,3.3,,1,63.7,385,0
AID00938,46.0,Male,India,Greek,Greek signature dish,Standard,Social Media,6,9,19,21.94,5.0,"The chef's tasting menu was outstanding, highly recommend.",0,33.4,271,1
AID00835,18.0,Female,India,Italian,Italian signature dish,Platinum,Walk-in,6,16,0,51.08,5.0,Fantastic service and the fusion menu was a great surprise.,1,55.1,36,1
AID00750,37.0,Female,United States,Greek,Greek signature dish,Standard,Partner App,10,10,61,16.31,5.0,Great value for money and the staff were very attentive.,0,54.4,61,1
AID00891,50.0,Female,Spain,Moroccan,Moroccan signature dish,Silver,Social Media,9,9,0,31.28,3.6,Very disappointed with the wait time and cold food.,1,85.6,690,1
AID00255,75.0,Female,Italy,Italian,Italian signature dish,Gold,Search Engine,4,12,79,16.92,3.6,"Would not recommend, the experience did not meet expectations.",0,63.3,598,1
AID01309,19.0,Female,United Arab Emirates,Lebanese,Lebanese signature dish,Standard,Referral,6,6,35,73.88,3.0,"The food was fine, nothing special but not bad either.",0,42.8,52,1
AID01480,65.0,Male,Italy,Spanish,Spanish signature dish,Standard,Walk-in,6,9,36,40.36,3.9,,1,82.7,503,0
AID01109,38.0,Female,Netherlands,Turkish,Turkish signature dish,Standard,Partner App,4,12,107,55.46,3.9,Service was slow and the order was incorrect.,0,48.5,1146,1
AID00137,38.0,Prefer not to say,Nigeria,Chinese,Chinese signature dish,Standard,Walk-in,6,9,16,28.22,5.0,"Absolutely loved the flavours, will definitely come back again.",1,70.5,1349,1
AID01136,34.0,Female,Turkey,Ethiopian,Ethiopian signature dish,Standard,Social Media,1,12,17,41.65,3.2,Overpriced for the portion size we received.,0,62.2,725,1
AID00724,41.0,Female,Italy,Brazilian,Brazilian signature dish,Standard,Partner App,6,10,8,79.53,3.5,Very disappointed with the wait time and cold food.,0,60.6,1092,1
AID00860,38.0,Female,Brazil,Lebanese,Lebanese signature dish,Silver,Partner App,5,13,1,18.09,3.8,,0,44.8,567,0
AID00970,18.0,Male,Spain,Turkish,Turkish signature dish,Standard,Referral,8,8,14,21.51,3.7,Service was slow and the order was incorrect.,1,56.4,1149,1
AID00497,67.0,Female,Nigeria,Japanese,Japanese signature dish,Silver,Social Media,10,10,95,37.33,4.0,One of the best dining experiences we have had this year.,1,59.5,160,1
AID00951,50.0,Female,United States,Lebanese,Lebanese signature dish,Standard,Social Media,7,8,146,10.84,3.7,Very disappointed with the wait time and cold food.,0,59.9,1440,1
AID00806,47.0,Female,India,Lebanese,Lebanese signature dish,Standard,Social Media,7,13,83,29.19,3.5,Overpriced for the portion size we received.,0,71.2,1300,1
AID00130,23.0,Non-binary,United States,Moroccan,Moroccan signature dish,Standard,Advertisement,6,7,26,33.18,3.6,Very disappointed with the wait time and cold food.,1,61.5,117,1
AID00338,40.0,Prefer not to say,United Kingdom,Italian,Italian signature dish,Platinum,Partner App,8,10,8,29.15,5.0,Fantastic service and the fusion menu was a great surprise.,0,65.1,483,1
AID00609,36.0,Female,United Arab Emirates,Mexican,Mexican signature dish,Gold,Advertisement,9,9,33,40.4,3.7,,1,41.4,743,0
AID01149,29.0,Prefer not to say,Germany,Japanese,Japanese signature dish,Silver,Social Media,6,8,57,54.2,5.0,Fantastic service and the fusion menu was a great surprise.,1,68.9,127,1
AID00196,19.0,Male,Japan,Ethiopian,Ethiopian signature dish,Gold,Referral,3,9,21,28.9,3.3,Service was slow and the order was incorrect.,0,45.6,449,1
AID01496,25.0,Male,India,Spanish,Spanish signature dish,Gold,Referral,8,10,69,34.87,3.3,,0,30.9,466,0
AID00910,36.0,Female,Italy,Ethiopian,Ethiopian signature dish,Gold,Referral,8,15,29,54.88,5.0,,0,0.0,29,0
AID00585,45.0,Male,Nigeria,Greek,Greek signature dish,Silver,Walk-in,7,7,27,37.88,3.9,"Would not recommend, the experience did not meet expectations.",0,46.5,303,1
AID00104,38.0,Female,Nigeria,Greek,Greek signature dish,Standard,Partner App,5,8,7,21.59,4.0,"Absolutely loved the flavours, will definitely come back again.",0,57.6,1447,1
AID01400,50.0,Male,United Kingdom,Lebanese,Lebanese signature dish,Standard,Referral,7,7,148,82.71,3.3,"Would not recommend, the experience did not meet expectations.",1,57.7,1182,1
AID01414,32.0,Female,India,Japanese,Japanese signature dish,Silver,Referral,11,11,19,21.74,4.8,One of the best dining experiences we have had this year.,1,50.3,1371,1
AID00720,71.0,Male,Italy,Spanish,Spanish signature dish,Standard,Referral,5,13,46,50.58,3.9,Overpriced for the portion size we received.,0,66.5,54,1
AID00885,46.0,Female,Germany,French,French signature dish,Standard,Search Engine,8,17,88,33.41,2.8,Overpriced for the portion size we received.,0,38.3,407,1
AID00777,41.0,Male,Italy,Chinese,Chinese signature dish,Silver,Social Media,6,6,87,40.35,4.6,"Absolutely loved the flavours, will definitely come back again.",1,63.8,325,1
AID00850,59.0,Male,Brazil,Mexican,Mexican signature dish,Silver,Search Engine,5,9,3,56.75,4.6,,0,52.0,465,0
AID00895,25.0,Female,Australia,Turkish,Turkish signature dish,Platinum,Social Media,7,15,17,29.87,3.9,"Would not recommend, the experience did not meet expectations.",0,37.9,808,1
AID00228,34.0,Female,Spain,Lebanese,Lebanese signature dish,Standard,Partner App,6,9,53,56.42,4.0,Fantastic service and the fusion menu was a great surprise.,0,77.4,851,1
AID01424,32.0,Female,United Kingdom,Korean,Korean signature dish,Standard,Advertisement,5,10,44,54.53,4.8,"The chef's tasting menu was outstanding, highly recommend.",0,63.8,357,1
AID00127,51.0,Male,Australia,Italian,Italian signature dish,Silver,Advertisement,6,6,9,74.85,3.6,,0,47.5,1424,0
AID00406,22.0,Male,India,Mexican,Mexican signature dish,Standard,Referral,1,13,31,19.19,4.2,Fantastic service and the fusion menu was a great surprise.,0,66.1,243,1
AID00776,50.0,Female,Germany,Japanese,Japanese signature dish,Standard,Walk-in,6,10,19,46.7,3.3,Very disappointed with the wait time and cold food.,0,47.0,1467,1
AID00822,54.0,Male,Japan,Brazilian,Brazilian signature dish,Gold,Walk-in,8,8,65,18.42,4.5,"Absolutely loved the flavours, will definitely come back again.",0,67.6,183,1
AID00712,43.0,Male,France,Thai,Thai signature dish,Gold,Advertisement,12,12,62,28.06,5.0,,0,33.1,797,0
AID01428,39.0,Female,Australia,Chinese,Chinese signature dish,Silver,Social Media,5,11,94,38.51,4.6,,1,64.6,1197,0
AID01061,58.0,Female,Turkey,Turkish,Turkish signature dish,Gold,Referral,4,8,59,15.2,4.1,,1,30.8,579,0
AID01164,18.0,Male,Germany,Spanish,Spanish signature dish,Silver,Advertisement,9,12,84,42.19,4.7,"Absolutely loved the flavours, will definitely come back again.",0,48.3,674,1
AID00304,52.0,Male,United Kingdom,Moroccan,Moroccan signature dish,Silver,Search Engine,8,11,38,38.65,3.9,Service was slow and the order was incorrect.,0,72.8,556,1
AID00268,37.0,Male,Spain,Ethiopian,Ethiopian signature dish,Gold,Walk-in,9,11,12,25.19,4.7,Fantastic service and the fusion menu was a great surprise.,0,33.6,321,1
AID00546,40.0,Female,Brazil,Japanese,Japanese signature dish,Standard,Search Engine,8,9,89,57.47,3.2,Very disappointed with the wait time and cold food.,0,71.3,1381,1
AID00213,38.0,Female,Germany,Mexican,Mexican signature dish,Standard,Referral,7,7,62,42.19,5.0,,1,55.5,659,0
AID00897,55.0,Male,Japan,Japanese,Japanese signature dish,Standard,Search Engine,5,9,3,58.02,4.7,,1,62.2,303,0
AID01223,24.0,Male,United Kingdom,Ethiopian,Ethiopian signature dish,Standard,Walk-in,9,9,28,69.39,4.2,"The chef's tasting menu was outstanding, highly recommend.",1,91.7,1144,1
AID00917,20.0,Female,Spain,Thai,Thai signature dish,Standard,Social Media,5,9,5,23.87,4.6,Fantastic service and the fusion menu was a great surprise.,0,65.0,1395,1
AID00676,42.0,Male,United States,Thai,Thai signature dish,Silver,Partner App,9,10,10,30.92,4.8,"Absolutely loved the flavours, will definitely come back again.",0,38.5,127,1
AID00815,48.0,Male,China,Italian,Italian signature dish,Platinum,Social Media,5,5,1,41.01,5.0,One of the best dining experiences we have had this year.,1,78.8,661,1
AID00343,32.0,Female,India,Italian,Italian signature dish,Silver,Referral,3,6,8,40.93,2.7,Overpriced for the portion size we received.,0,53.0,1012,1
AID00550,19.0,Female,Turkey,Thai,Thai signature dish,Gold,Partner App,4,13,22,25.49,3.3,Service was slow and the order was incorrect.,0,60.7,1091,1
AID01215,29.0,Male,Japan,Moroccan,Moroccan signature dish,Gold,Advertisement,8,8,56,48.47,4.4,"The chef's tasting menu was outstanding, highly recommend.",1,62.0,979,1
AID00967,31.0,Prefer not to say,Australia,Moroccan,Moroccan signature dish,Standard,Referral,8,12,43,45.14,4.5,,0,67.5,43,0
AID01231,30.0,Male,India,Greek,Greek signature dish,Standard,Walk-in,5,5,55,62.12,3.5,Very disappointed with the wait time and cold food.,0,28.4,59,1
AID00296,45.0,Male,India,Turkish,Turkish signature dish,Silver,Walk-in,3,10,18,8.0,5.0,"Absolutely loved the flavours, will definitely come back again.",1,78.2,1465,1
AID00696,28.0,Female,Germany,Greek,Greek signature dish,Silver,Search Engine,8,12,60,38.03,3.9,"Would not recommend, the experience did not meet expectations.",1,57.8,478,1
AID00074,31.0,Female,Italy,French,French signature dish,Silver,Search Engine,7,13,33,59.63,4.1,"Absolutely loved the flavours, will definitely come back again.",1,55.5,1161,1
AID00606,34.0,Prefer not to say,United States,Chinese,Chinese signature dish,Silver,Partner App,4,7,39,44.64,3.6,"Would not recommend, the experience did not meet expectations.",1,64.4,479,1
AID00105,41.0,Male,Turkey,Korean,Korean signature dish,Standard,Referral,3,10,93,45.34,3.4,,1,32.5,443,0
AID00646,52.0,Female,Italy,Indian,Indian signature dish,Silver,Advertisement,6,11,26,42.19,2.8,Very disappointed with the wait time and cold food.,1,53.4,1206,1
AID01484,19.0,Female,China,Korean,Korean signature dish,Platinum,Referral,4,8,25,35.29,5.0,One of the best dining experiences we have had this year.,1,84.3,633,1
AID01041,55.0,Female,Italy,Chinese,Chinese signature dish,Standard,Social Media,7,16,8,32.78,4.0,,1,62.5,443,0
AID00440,40.0,Prefer not to say,China,Ethiopian,Ethiopian signature dish,Standard,Partner App,9,9,30,18.96,3.0,"Decent experience overall, might try again sometime.",1,56.0,685,1
AID01020,37.0,Male,India,Japanese,Japanese signature dish,Standard,Search Engine,9,11,9,19.24,5.0,Fantastic service and the fusion menu was a great surprise.,0,6.1,1311,1
AID01113,57.0,Male,United Kingdom,Thai,Thai signature dish,Standard,Search Engine,2,7,47,47.73,4.4,Great value for money and the staff were very attentive.,1,75.3,47,1
AID01326,50.0,Male,Nigeria,Mexican,Mexican signature dish,Silver,Walk-in,9,13,36,46.09,2.5,Very disappointed with the wait time and cold food.,0,50.7,1401,1
AID00909,48.0,Male,Italy,Italian,Italian signature dish,Standard,Referral,7,11,12,62.12,5.0,One of the best dining experiences we have had this year.,0,72.6,977,1
AID00103,34.0,Female,Italy,Greek,Greek signature dish,Standard,Search Engine,6,6,22,57.46,2.4,Overpriced for the portion size we received.,0,55.5,1086,1
AID00239,32.0,Male,France,Turkish,Turkish signature dish,Standard,Walk-in,5,5,9,78.33,4.5,Great value for money and the staff were very attentive.,0,65.4,908,1
AID01289,33.0,Female,Germany,Lebanese,Lebanese signature dish,Standard,Referral,6,7,209,48.98,2.4,,1,69.9,947,0
AID00943,38.0,Female,Germany,Spanish,Spanish signature dish,Silver,Advertisement,3,17,3,29.74,5.0,One of the best dining experiences we have had this year.,0,73.5,451,1
AID00939,20.0,Female,China,Korean,Korean signature dish,Standard,Walk-in,6,9,53,35.39,4.1,,0,65.0,167,0
AID01182,42.0,Prefer not to say,United Arab Emirates,French,French signature dish,Gold,Walk-in,8,10,41,38.22,4.3,,0,10.3,422,0
AID00006,36.0,Female,Spain,Turkish,Turkish signature dish,Standard,Walk-in,5,7,30,73.82,4.8,"The chef's tasting menu was outstanding, highly recommend.",1,73.6,1242,1
AID01397,36.0,Male,Netherlands,Ethiopian,Ethiopian signature dish,Silver,Walk-in,9,9,40,51.48,3.9,Overpriced for the portion size we received.,1,66.9,638,1
AID00966,42.0,Male,Australia,Mexican,Mexican signature dish,Standard,Walk-in,6,12,21,24.06,3.5,Overpriced for the portion size we received.,0,55.5,1488,1
AID00019,39.0,Female,Australia,Chinese,Chinese signature dish,Gold,Referral,4,10,25,53.47,3.1,,0,68.3,659,0
AID00122,39.0,Female,India,Italian,Italian signature dish,Gold,Partner App,4,25,30,30.7,5.0,One of the best dining experiences we have had this year.,1,83.6,377,1
AID00662,23.0,Prefer not to say,Netherlands,Moroccan,Moroccan signature dish,Standard,Partner App,8,10,128,28.77,4.6,"The chef's tasting menu was outstanding, highly recommend.",0,74.6,377,1
AID01277,41.0,Male,United Kingdom,Greek,Greek signature dish,Standard,Social Media,9,9,2,21.06,4.9,Fantastic service and the fusion menu was a great surprise.,0,74.2,1206,1
AID00275,38.0,Male,Nigeria,Brazilian,Brazilian signature dish,Platinum,Social Media,8,10,75,29.63,4.4,One of the best dining experiences we have had this year.,1,52.5,270,1
AID00434,45.0,Female,Germany,Indian,Indian signature dish,Standard,Social Media,4,6,29,8.0,4.5,One of the best dining experiences we have had this year.,1,33.1,1445,1
AID00812,29.0,Female,Nigeria,Lebanese,Lebanese signature dish,Standard,Search Engine,6,7,42,32.02,4.9,"Absolutely loved the flavours, will definitely come back again.",0,26.9,1488,1
AID01429,57.0,Female,Japan,Thai,Thai signature dish,Standard,Social Media,6,6,251,19.55,3.4,Overpriced for the portion size we received.,0,44.6,453,1
AID00182,61.0,Male,United Arab Emirates,Lebanese,Lebanese signature dish,Standard,Referral,4,9,9,30.77,3.4,,0,85.6,495,0
AID00185,51.0,Female,India,Brazilian,Brazilian signature dish,Silver,Referral,10,10,82,53.24,4.8,"Absolutely loved the flavours, will definitely come back again.",0,45.4,1019,1
AID00407,43.0,Male,Brazil,Turkish,Turkish signature dish,Platinum,Walk-in,14,14,29,38.08,4.1,One of the best dining experiences we have had this year.,0,50.8,981,1
AID00866,42.0,Female,France,Moroccan,Moroccan signature dish,Gold,Advertisement,5,9,26,74.88,4.8,One of the best dining experiences we have had this year.,0,68.7,912,1
AID00521,18.0,Male,Italy,Italian,Italian signature dish,Silver,Referral,1,11,129,18.61,4.0,"Absolutely loved the flavours, will definitely come back again.",0,67.9,242,1
AID01004,46.0,Male,Germany,Thai,Thai signature dish,Silver,Social Media,3,10,70,42.54,4.0,,1,74.4,1012,0
AID00381,40.0,Female,Nigeria,Thai,Thai signature dish,Standard,Advertisement,5,6,109,42.71,4.0,,1,57.0,1011,0
AID00428,34.0,Female,Italy,Turkish,Turkish signature dish,Silver,Advertisement,4,6,61,28.82,2.3,"Would not recommend, the experience did not meet expectations.",0,50.9,467,1
AID00079,48.0,Male,United Kingdom,French,French signature dish,Standard,Social Media,3,14,30,29.55,4.4,"Absolutely loved the flavours, will definitely come back again.",0,84.6,894,1
AID01010,61.0,Prefer not to say,Spain,Italian,Italian signature dish,Standard,Walk-in,8,11,69,53.1,2.8,Overpriced for the portion size we received.,0,81.1,512,1
AID01492,49.0,Female,Germany,Japanese,Japanese signature dish,Gold,Advertisement,6,9,2,42.19,4.1,,0,51.1,599,0
AID00608,40.0,Male,United Arab Emirates,Italian,Italian signature dish,Standard,Walk-in,7,7,2,48.99,3.7,Very disappointed with the wait time and cold food.,1,31.8,142,1
AID01347,58.0,Female,Turkey,French,French signature dish,Standard,Walk-in,4,6,20,48.25,3.9,Very disappointed with the wait time and cold food.,0,8.5,72,1
AID01380,52.0,Female,Turkey,Chinese,Chinese signature dish,Standard,Walk-in,8,11,22,61.42,4.5,Fantastic service and the fusion menu was a great surprise.,0,48.3,245,1
AID01058,50.0,Female,United States,Italian,Italian signature dish,Standard,Advertisement,5,8,105,29.65,2.8,Overpriced for the portion size we received.,0,48.6,1067,1
AID01092,38.0,Male,Germany,Moroccan,Moroccan signature dish,Standard,Referral,7,13,14,46.78,5.0,"The chef's tasting menu was outstanding, highly recommend.",1,62.2,1077,1
AID01102,43.0,Male,Germany,Chinese,Chinese signature dish,Standard,Social Media,8,16,0,17.55,4.6,,1,91.8,270,0
AID01130,31.0,Non-binary,Germany,Korean,Korean signature dish,Platinum,Walk-in,3,9,13,37.53,3.6,,1,67.8,84,0
AID01236,19.0,Male,Netherlands,Thai,Thai signature dish,Gold,Partner App,5,9,39,46.2,4.2,,0,37.1,139,0
AID01333,39.0,Female,United Kingdom,Lebanese,Lebanese signature dish,Silver,Search Engine,11,11,32,65.43,3.1,Overpriced for the portion size we received.,1,49.6,318,1
AID00959,40.0,Male,Brazil,Indian,Indian signature dish,Standard,Social Media,6,10,53,26.36,2.7,Overpriced for the portion size we received.,0,70.3,565,1
AID00560,43.0,Female,India,Lebanese,Lebanese signature dish,Standard,Partner App,5,7,219,54.18,4.4,"The chef's tasting menu was outstanding, highly recommend.",0,60.4,637,1
AID00847,27.0,Male,Spain,French,French signature dish,Platinum,Walk-in,2,12,65,48.21,3.4,Very disappointed with the wait time and cold food.,0,45.9,763,1
AID00691,35.0,Female,United Arab Emirates,French,French signature dish,Standard,Walk-in,8,13,32,55.78,2.5,,0,74.1,32,0
AID01466,26.0,Female,Brazil,Brazilian,Brazilian signature dish,Standard,Social Media,10,10,44,30.58,5.0,,0,62.2,158,0
AID01413,30.0,Male,United States,Spanish,Spanish signature dish,Gold,Partner App,4,13,0,38.22,4.5,,0,74.8,496,0
AID00437,44.0,Female,United Kingdom,Korean,Korean signature dish,Gold,Referral,5,8,5,34.64,3.8,Overpriced for the portion size we received.,0,91.0,488,1
AID00491,34.0,Female,Netherlands,Indian,Indian signature dish,Standard,Walk-in,7,14,76,37.33,5.0,,1,21.4,656,0
AID01391,44.0,Male,Italy,Korean,Korean signature dish,Standard,Advertisement,7,9,53,34.08,2.9,,0,34.7,937,0
AID00070,38.0,Female,United Kingdom,Ethiopian,Ethiopian signature dish,Gold,Referral,4,18,0,21.23,3.4,Service was slow and the order was incorrect.,1,49.4,301,1
AID00809,45.0,Male,Turkey,Japanese,Japanese signature dish,Standard,Walk-in,3,7,11,50.38,2.2,,0,26.6,818,0
AID01185,46.0,Male,Italy,Greek,Greek signature dish,Gold,Advertisement,5,9,54,34.01,4.7,Fantastic service and the fusion menu was a great surprise.,0,25.5,931,1
AID00012,34.0,Male,Spain,Lebanese,Lebanese signature dish,Standard,Walk-in,6,11,4,74.77,4.3,Great value for money and the staff were very attentive.,0,67.2,954,1
AID00145,41.0,Male,Japan,Italian,Italian signature dish,Gold,Social Media,3,7,48,53.03,3.6,Overpriced for the portion size we received.,1,64.4,396,1
AID00918,46.0,Female,United States,Indian,Indian signature dish,Standard,Search Engine,10,12,16,37.14,4.1,One of the best dining experiences we have had this year.,0,92.5,88,1
AID00640,51.0,Male,France,Turkish,Turkish signature dish,Platinum,Walk-in,3,5,7,39.34,2.7,Very disappointed with the wait time and cold food.,1,73.4,1114,1
AID00177,18.0,Non-binary,Netherlands,Ethiopian,Ethiopian signature dish,Gold,Advertisement,4,10,311,38.66,3.9,"Would not recommend, the experience did not meet expectations.",0,89.2,633,1
AID00995,43.0,Female,Italy,Korean,Korean signature dish,Standard,Partner App,5,7,60,44.52,3.9,"Would not recommend, the experience did not meet expectations.",1,38.6,748,1
AID00441,43.0,Female,Japan,Mexican,Mexican signature dish,Silver,Walk-in,6,7,27,61.39,4.7,,0,77.0,214,0
AID00522,21.0,Female,Nigeria,Korean,Korean signature dish,Silver,Advertisement,6,12,32,38.98,3.4,Overpriced for the portion size we received.,1,43.6,32,1
AID01498,23.0,Prefer not to say,United States,Spanish,Spanish signature dish,Standard,Search Engine,5,8,54,38.11,3.8,,0,41.3,1172,0
AID01005,40.0,Female,Turkey,Ethiopian,Ethiopian signature dish,Standard,Walk-in,5,7,43,24.29,5.0,"The chef's tasting menu was outstanding, highly recommend.",0,72.4,980,1
AID01256,31.0,Female,Netherlands,Japanese,Japanese signature dish,Standard,Advertisement,5,11,17,54.96,4.9,,0,71.0,944,0
AID01235,18.0,Female,Brazil,Japanese,Japanese signature dish,Silver,Partner App,6,9,41,64.87,3.4,Overpriced for the portion size we received.,1,62.8,1442,1
AID00144,18.0,Male,Spain,Mexican,Mexican signature dish,Gold,Search Engine,6,7,24,13.67,3.6,,0,40.6,1374,0
AID00754,35.0,Male,India,Spanish,Spanish signature dish,Standard,Search Engine,10,10,49,62.42,3.6,,0,33.4,75,0
AID00520,36.0,Female,Netherlands,Japanese,Japanese signature dish,Platinum,Partner App,5,5,33,39.57,3.5,Service was slow and the order was incorrect.,0,75.3,522,1
AID01323,29.0,Male,China,Brazilian,Brazilian signature dish,Standard,Advertisement,4,6,48,36.25,2.8,,0,36.0,1059,0
AID00823,47.0,Male,Japan,Lebanese,Lebanese signature dish,Standard,Walk-in,11,11,107,38.98,4.2,,1,30.1,1397,0
AID00429,46.0,Male,Turkey,French,French signature dish,Standard,Search Engine,8,8,37,33.85,2.6,"Would not recommend, the experience did not meet expectations.",0,84.6,1097,1
AID00613,36.0,Female,Japan,Korean,Korean signature dish,Standard,Social Media,4,7,28,26.63,5.0,,1,31.1,178,0
AID01033,41.0,Male,Netherlands,Spanish,Spanish signature dish,Standard,Search Engine,8,8,39,52.98,3.9,Very disappointed with the wait time and cold food.,0,46.6,816,1
AID00157,29.0,Male,United Arab Emirates,Ethiopian,Ethiopian signature dish,Standard,Referral,9,9,4,65.78,3.4,Overpriced for the portion size we received.,0,25.0,1496,1
AID00540,36.0,Female,Brazil,Chinese,Chinese signature dish,Standard,Advertisement,5,11,14,39.11,2.8,Very disappointed with the wait time and cold food.,0,46.0,1097,1
AID01291,27.0,Female,India,Korean,Korean signature dish,Platinum,Advertisement,9,13,29,31.2,3.5,"Would not recommend, the experience did not meet expectations.",0,64.1,299,1
AID00462,41.0,Male,Germany,Italian,Italian signature dish,Silver,Social Media,7,15,68,47.6,3.8,"Would not recommend, the experience did not meet expectations.",0,45.3,1030,1
AID00577,18.0,Male,Turkey,Korean,Korean signature dish,Silver,Search Engine,4,9,20,24.95,2.1,,1,77.1,278,0
AID00256,53.0,Male,Netherlands,Thai,Thai signature dish,Silver,Social Media,7,7,13,41.65,2.9,"Would not recommend, the experience did not meet expectations.",0,35.9,56,1
AID00980,62.0,Female,Italy,Mexican,Mexican signature dish,Standard,Social Media,4,14,47,60.53,4.3,,1,34.9,529,0
AID01186,34.0,Female,Germany,Japanese,Japanese signature dish,Gold,Search Engine,6,11,7,41.87,2.8,Overpriced for the portion size we received.,0,79.8,884,1
AID01007,18.0,Male,Turkey,Korean,Korean signature dish,Standard,Social Media,3,9,47,59.97,3.3,,1,24.4,1298,0
AID00561,27.0,Male,France,Greek,Greek signature dish,Silver,Social Media,6,12,20,18.79,5.0,,0,45.8,1047,0
AID00209,42.0,Male,United Kingdom,Spanish,Spanish signature dish,Gold,Walk-in,5,14,62,8.0,3.3,Very disappointed with the wait time and cold food.,1,50.9,1158,1
AID00911,44.0,Male,Australia,Greek,Greek signature dish,Standard,Referral,4,8,97,21.02,5.0,Great value for money and the staff were very attentive.,0,87.9,1015,1
AID01312,37.0,Female,United Kingdom,Brazilian,Brazilian signature dish,Gold,Walk-in,8,8,8,48.84,3.0,"Service was average, took a while to get our order.",1,54.2,526,1
AID00002,51.0,Male,Nigeria,Greek,Greek signature dish,Silver,Search Engine,9,9,12,57.69,2.7,Very disappointed with the wait time and cold food.,0,45.6,207,1
AID00270,27.0,Prefer not to say,United States,Brazilian,Brazilian signature dish,Standard,Walk-in,6,10,24,25.25,3.9,,0,60.5,1460,0
AID00266,21.0,Male,Italy,Spanish,Spanish signature dish,Silver,Referral,5,8,12,56.33,2.7,"Would not recommend, the experience did not meet expectations.",0,4.3,872,1
AID00915,27.0,Female,United Kingdom,Ethiopian,Ethiopian signature dish,Standard,Social Media,5,13,33,40.14,4.9,One of the best dining experiences we have had this year.,0,52.4,279,1
AID00231,42.0,Female,India,Turkish,Turkish signature dish,Gold,Referral,5,8,52,61.65,3.5,,1,57.7,551,0
AID01495,29.0,Male,Italy,Korean,Korean signature dish,Gold,Referral,4,9,43,64.97,1.8,Service was slow and the order was incorrect.,1,21.6,88,1
AID01120,27.0,Female,Netherlands,Lebanese,Lebanese signature dish,Platinum,Partner App,4,10,33,8.0,3.2,Service was slow and the order was incorrect.,0,42.1,695,1
AID01490,46.0,Male,France,Korean,Korean signature dish,Standard,Advertisement,5,13,13,53.49,2.1,Service was slow and the order was incorrect.,0,12.6,254,1
AID00865,29.0,Male,Nigeria,Greek,Greek signature dish,Silver,Search Engine,11,11,16,8.0,4.6,"The chef's tasting menu was outstanding, highly recommend.",0,39.6,1282,1
AID01067,44.0,Female,Japan,Ethiopian,Ethiopian signature dish,Platinum,Walk-in,11,11,16,33.15,4.7,"Absolutely loved the flavours, will definitely come back again.",1,72.4,1239,1
AID00874,30.0,Male,United Kingdom,French,French signature dish,Standard,Walk-in,8,8,67,32.24,5.0,,0,87.4,459,0
AID01390,18.0,Female,Turkey,Chinese,Chinese signature dish,Gold,Referral,13,14,6,36.31,4.1,Great value for money and the staff were very attentive.,0,48.3,30,1
AID00399,19.0,Male,Spain,Brazilian,Brazilian signature dish,Standard,Social Media,2,11,51,62.73,3.8,,0,55.5,1471,0
AID01383,43.0,Male,United Kingdom,Chinese,Chinese signature dish,Standard,Partner App,5,5,95,22.93,4.9,,0,28.2,439,0
AID00046,18.0,Male,China,Thai,Thai signature dish,Silver,Walk-in,4,7,36,75.47,3.1,,0,61.5,222,0
AID00162,40.0,Male,Spain,Mexican,Mexican signature dish,Standard,Social Media,5,12,138,31.46,3.1,Overpriced for the portion size we received.,0,63.1,555,1
AID00992,50.0,Female,Italy,Italian,Italian signature dish,Platinum,Referral,8,14,83,49.1,5.0,"Absolutely loved the flavours, will definitely come back again.",0,54.3,1028,1
AID00728,36.0,Prefer not to say,United Kingdom,Mexican,Mexican signature dish,Standard,Walk-in,7,12,22,60.78,5.0,Fantastic service and the fusion menu was a great surprise.,1,72.2,1166,1
AID00630,30.0,Male,United Arab Emirates,Greek,Greek signature dish,Standard,Partner App,2,6,37,8.0,3.4,"Would not recommend, the experience did not meet expectations.",0,68.9,1169,1
AID00289,25.0,Male,France,Indian,Indian signature dish,Silver,Partner App,7,10,93,39.96,4.0,"Absolutely loved the flavours, will definitely come back again.",1,58.0,900,1
AID01060,39.0,Female,France,Italian,Italian signature dish,Standard,Partner App,4,12,49,40.76,3.9,,0,66.6,94,0
AID01478,29.0,Female,Japan,Korean,Korean signature dish,Standard,Walk-in,8,9,3,50.01,3.2,"Would not recommend, the experience did not meet expectations.",1,55.5,1491,1
AID00576,40.0,Male,Nigeria,Mexican,Mexican signature dish,Silver,Partner App,7,9,94,32.78,5.0,"The chef's tasting menu was outstanding, highly recommend.",0,5.7,1013,1
AID00851,36.0,Non-binary,United Kingdom,Mexican,Mexican signature dish,Standard,Referral,8,12,22,43.46,3.6,,1,16.0,390,0
AID01340,37.0,Female,France,Spanish,Spanish signature dish,Standard,Partner App,7,9,11,27.81,2.5,,0,82.6,400,0
AID00912,44.0,Female,Italy,Thai,Thai signature dish,Standard,Social Media,5,11,9,34.68,4.8,"The chef's tasting menu was outstanding, highly recommend.",0,37.6,546,1
AID01255,18.0,Male,United Arab Emirates,Spanish,Spanish signature dish,Standard,Social Media,5,9,7,50.09,2.9,,1,42.1,1280,0
AID01376,38.0,Female,United Kingdom,Chinese,Chinese signature dish,Platinum,Social Media,8,8,71,44.01,3.6,"Would not recommend, the experience did not meet expectations.",0,52.7,1389,1
AID00933,49.0,Male,China,French,French signature dish,Standard,Walk-in,6,10,16,8.0,3.3,Very disappointed with the wait time and cold food.,0,30.8,964,1
AID01101,35.0,Female,Netherlands,Spanish,Spanish signature dish,Standard,Social Media,8,11,30,51.5,3.9,Service was slow and the order was incorrect.,0,62.6,285,1
AID01208,33.0,Male,Germany,Thai,Thai signature dish,Silver,Social Media,7,14,131,66.44,2.1,Service was slow and the order was incorrect.,1,41.0,671,1
AID00248,41.0,Female,Nigeria,Brazilian,Brazilian signature dish,Standard,Social Media,8,12,51,20.13,4.1,"The chef's tasting menu was outstanding, highly recommend.",0,47.7,1421,1
AID00477,44.0,Male,Nigeria,Thai,Thai signature dish,Standard,Walk-in,9,12,14,46.6,3.7,Service was slow and the order was incorrect.,1,76.9,1100,1
AID00086,37.0,Female,Australia,Korean,Korean signature dish,Silver,Partner App,7,14,61,35.16,4.6,One of the best dining experiences we have had this year.,0,58.7,61,1
AID00470,38.0,Male,France,Thai,Thai signature dish,Standard,Referral,7,9,34,55.91,2.7,Service was slow and the order was incorrect.,1,38.9,1377,1
AID00226,44.0,Female,Germany,Moroccan,Moroccan signature dish,Standard,Walk-in,4,8,51,24.62,5.0,Great value for money and the staff were very attentive.,0,94.3,264,1
AID00332,39.0,Female,India,Ethiopian,Ethiopian signature dish,Standard,Social Media,4,12,136,49.4,3.4,Very disappointed with the wait time and cold food.,0,64.5,1305,1
AID00234,32.0,Female,Spain,Mexican,Mexican signature dish,Platinum,Search Engine,5,10,1,39.73,2.9,,0,25.8,200,0
AID00589,56.0,Male,Italy,Japanese,Japanese signature dish,Silver,Referral,9,9,5,46.77,3.8,,0,78.2,1290,0
AID00476,20.0,Male,United Kingdom,Italian,Italian signature dish,Standard,Search Engine,3,12,42,22.53,5.0,"The chef's tasting menu was outstanding, highly recommend.",0,80.8,1015,1
AID01285,54.0,Male,Netherlands,Mexican,Mexican signature dish,Platinum,Search Engine,6,8,2,46.81,5.0,"Absolutely loved the flavours, will definitely come back again.",0,49.4,488,1
AID00600,18.0,Female,United Kingdom,Chinese,Chinese signature dish,Gold,Partner App,4,12,84,69.81,4.4,Great value for money and the staff were very attentive.,0,63.7,987,1
AID00422,34.0,Female,China,Greek,Greek signature dish,Standard,Social Media,6,13,109,50.25,3.3,,0,100.0,1165,0
AID00183,18.0,Female,France,Spanish,Spanish signature dish,Silver,Walk-in,8,8,15,18.18,3.0,"Decent experience overall, might try again sometime.",0,70.5,1015,1
AID00989,64.0,Male,Australia,Mexican,Mexican signature dish,Standard,Social Media,7,7,57,31.54,3.5,Very disappointed with the wait time and cold food.,1,68.4,464,1
AID01001,59.0,Male,China,Thai,Thai signature dish,Silver,Referral,2,9,46,85.01,4.2,,1,92.4,1256,0
AID01357,28.0,Male,Japan,Greek,Greek signature dish,Silver,Advertisement,3,5,50,55.43,4.0,"The chef's tasting menu was outstanding, highly recommend.",0,74.3,993,1
AID00050,55.0,Male,India,Moroccan,Moroccan signature dish,Silver,Social Media,5,15,6,40.11,2.4,,1,77.5,961,0
AID01420,40.0,Female,Australia,Thai,Thai signature dish,Silver,Advertisement,5,11,6,38.06,4.9,"Absolutely loved the flavours, will definitely come back again.",0,46.5,1491,1
AID01030,46.0,Female,Netherlands,Japanese,Japanese signature dish,Standard,Advertisement,10,10,68,36.9,4.5,"The chef's tasting menu was outstanding, highly recommend.",0,39.8,258,1
AID00530,26.0,Male,India,Turkish,Turkish signature dish,Standard,Walk-in,6,10,54,10.22,2.4,Service was slow and the order was incorrect.,0,30.9,275,1
AID01259,57.0,Male,Turkey,Brazilian,Brazilian signature dish,Standard,Partner App,3,10,122,33.87,3.2,,1,76.3,197,0
AID00487,52.0,Female,China,Thai,Thai signature dish,Silver,Search Engine,4,8,3,29.74,4.3,One of the best dining experiences we have had this year.,1,59.0,269,1
AID01476,57.0,Female,Italy,Brazilian,Brazilian signature dish,Silver,Social Media,6,6,25,35.19,3.0,"It was okay, the ambience could be improved.",0,74.6,1256,1
AID00498,36.0,Female,China,Ethiopian,Ethiopian signature dish,Standard,Partner App,6,11,43,54.0,4.7,"The chef's tasting menu was outstanding, highly recommend.",1,18.3,987,1
AID00107,23.0,Female,Brazil,Greek,Greek signature dish,Standard,Advertisement,8,8,93,15.04,3.7,,0,26.6,840,0
AID00444,33.0,Female,Australia,Moroccan,Moroccan signature dish,Standard,Social Media,7,9,7,47.3,3.6,,0,79.4,158,0
AID00647,63.0,Male,Spain,Thai,Thai signature dish,Standard,Social Media,6,7,74,61.86,4.9,"The chef's tasting menu was outstanding, highly recommend.",0,54.3,1355,1
AID01037,42.0,Male,Germany,Korean,Korean signature dish,Silver,Referral,6,12,91,55.96,3.4,,1,84.5,1048,0
AID00727,41.0,Male,United States,Greek,Greek signature dish,Silver,Advertisement,6,8,21,74.57,5.0,"The chef's tasting menu was outstanding, highly recommend.",0,35.2,1290,1
AID00191,42.0,Female,United Kingdom,Italian,Italian signature dish,Gold,Advertisement,9,9,11,62.72,2.6,,0,62.9,1120,0
AID00283,46.0,Male,Turkey,Spanish,Spanish signature dish,Silver,Referral,6,6,1,35.27,5.0,"Absolutely loved the flavours, will definitely come back again.",1,59.3,279,1
AID00030,56.0,Male,India,Spanish,Spanish signature dish,Standard,Partner App,6,12,89,42.64,4.0,,1,63.5,170,0
AID00170,25.0,Female,Japan,Mexican,Mexican signature dish,Gold,Social Media,3,6,6,42.56,3.1,Service was slow and the order was incorrect.,1,49.1,944,1
AID01002,29.0,Male,Netherlands,Spanish,Spanish signature dish,Standard,Search Engine,6,8,109,77.25,4.3,,0,96.9,424,0
AID01205,19.0,Female,Spain,Lebanese,Lebanese signature dish,Silver,Walk-in,5,9,88,46.03,3.6,"Would not recommend, the experience did not meet expectations.",0,35.5,863,1
AID00101,61.0,Male,Brazil,Lebanese,Lebanese signature dish,Platinum,Advertisement,6,12,67,34.42,3.8,Very disappointed with the wait time and cold food.,1,44.1,1305,1
AID00198,28.0,Female,Japan,Ethiopian,Ethiopian signature dish,Gold,Social Media,8,9,127,55.19,4.7,,0,77.7,810,0
AID00496,33.0,Female,Japan,French,French signature dish,Standard,Partner App,4,9,57,14.66,5.0,"The chef's tasting menu was outstanding, highly recommend.",0,43.1,581,1
AID00648,48.0,Female,Spain,Thai,Thai signature dish,Silver,Social Media,3,9,34,49.09,3.0,"It was okay, the ambience could be improved.",1,55.5,1055,1
AID00988,50.0,Male,Italy,Japanese,Japanese signature dish,Silver,Search Engine,4,11,0,42.19,3.5,"Would not recommend, the experience did not meet expectations.",0,0.0,163,1
AID00045,41.0,Male,United Arab Emirates,Ethiopian,Ethiopian signature dish,Standard,Walk-in,7,11,60,37.48,4.3,Great value for money and the staff were very attentive.,0,78.8,1448,1
AID00711,45.0,Male,United Kingdom,Japanese,Japanese signature dish,Standard,Advertisement,8,9,2,39.07,2.8,"Would not recommend, the experience did not meet expectations.",0,47.9,949,1
AID00374,38.0,Female,France,Chinese,Chinese signature dish,Standard,Walk-in,6,11,164,35.74,4.1,,1,45.7,223,0
AID00679,28.0,Male,United Arab Emirates,Turkish,Turkish signature dish,Standard,Advertisement,10,10,18,33.46,4.6,One of the best dining experiences we have had this year.,0,47.7,441,1
AID00567,49.0,Female,United Kingdom,Korean,Korean signature dish,Gold,Walk-in,6,6,79,11.01,4.0,,0,83.5,1364,0
AID00848,33.0,Female,Australia,Ethiopian,Ethiopian signature dish,Standard,Social Media,7,10,37,57.33,4.3,,1,84.7,1263,0
AID00461,36.0,Female,Australia,Korean,Korean signature dish,Standard,Walk-in,6,10,22,52.98,3.9,One of the best dining experiences we have had this year.,0,77.0,140,1
AID01156,35.0,Female,Turkey,Mexican,Mexican signature dish,Silver,Referral,8,9,42,20.31,3.7,,1,13.2,303,0
AID00040,38.0,Female,France,Thai,Thai signature dish,Silver,Social Media,7,7,324,74.43,3.1,Overpriced for the portion size we received.,0,23.0,1463,1
AID00435,41.0,Male,France,Thai,Thai signature dish,Silver,Partner App,9,10,72,63.4,2.8,,1,58.5,939,0
AID00974,49.0,Male,Netherlands,Lebanese,Lebanese signature dish,Gold,Referral,8,11,2,8.0,4.5,"The chef's tasting menu was outstanding, highly recommend.",1,55.5,1462,1
AID01240,31.0,Prefer not to say,Italy,Italian,Italian signature dish,Standard,Search Engine,6,6,9,41.59,5.0,"Absolutely loved the flavours, will definitely come back again.",0,68.9,96,1
AID01008,38.0,Female,China,Korean,Korean signature dish,Gold,Referral,6,9,15,35.88,4.0,One of the best dining experiences we have had this year.,0,48.8,677,1
AID00457,37.0,Prefer not to say,Netherlands,Lebanese,Lebanese signature dish,Silver,Advertisement,9,9,36,23.25,5.0,"Absolutely loved the flavours, will definitely come back again.",0,61.9,352,1
AID00261,51.0,Male,United States,Indian,Indian signature dish,Standard,Partner App,8,8,46,22.48,4.5,"Absolutely loved the flavours, will definitely come back again.",1,66.4,770,1
AID00036,18.0,Male,Brazil,Ethiopian,Ethiopian signature dish,Standard,Referral,7,18,16,41.97,5.0,Fantastic service and the fusion menu was a great surprise.,0,63.2,1430,1
AID00828,31.0,Male,Nigeria,Korean,Korean signature dish,Silver,Advertisement,5,8,0,35.9,5.0,"Absolutely loved the flavours, will definitely come back again.",0,55.5,1408,1
AID00310,53.0,Male,Brazil,Mexican,Mexican signature dish,Gold,Search Engine,8,10,48,34.44,4.6,"Absolutely loved the flavours, will definitely come back again.",0,70.5,1161,1
AID00277,39.0,Male,China,Turkish,Turkish signature dish,Standard,Advertisement,10,10,6,68.49,4.2,,0,51.7,52,0
AID00637,46.0,Male,Italy,Indian,Indian signature dish,Gold,Advertisement,7,8,60,14.04,3.4,Overpriced for the portion size we received.,1,71.7,1097,1
AID00655,38.0,Male,Australia,Italian,Italian signature dish,Standard,Social Media,6,9,14,64.42,3.6,"Would not recommend, the experience did not meet expectations.",0,33.1,378,1
AID00623,29.0,Male,United States,Spanish,Spanish signature dish,Standard,Advertisement,7,10,48,42.19,4.1,Fantastic service and the fusion menu was a great surprise.,0,81.1,1239,1
AID00845,56.0,Prefer not to say,Netherlands,Ethiopian,Ethiopian signature dish,Standard,Social Media,7,14,99,38.38,3.5,Very disappointed with the wait time and cold food.,0,62.2,945,1
AID00394,35.0,Female,Brazil,Moroccan,Moroccan signature dish,Standard,Partner App,5,8,13,70.26,4.0,"The chef's tasting menu was outstanding, highly recommend.",0,58.7,104,1
AID00108,35.0,Male,Nigeria,Moroccan,Moroccan signature dish,Standard,Advertisement,7,9,4,60.38,4.9,"Absolutely loved the flavours, will definitely come back again.",0,56.7,1069,1
AID00350,41.0,Female,Netherlands,Lebanese,Lebanese signature dish,Gold,Walk-in,6,15,20,12.47,2.7,Very disappointed with the wait time and cold food.,0,47.5,873,1
AID00525,36.0,Female,Netherlands,Japanese,Japanese signature dish,Platinum,Search Engine,5,17,3,42.19,2.9,,0,34.8,1285,0
AID00785,38.0,Female,Japan,Moroccan,Moroccan signature dish,Standard,Partner App,6,7,54,53.06,4.5,Fantastic service and the fusion menu was a great surprise.,0,67.8,404,1
AID00048,52.0,Female,United Arab Emirates,French,French signature dish,Silver,Search Engine,5,7,8,75.52,3.5,"Would not recommend, the experience did not meet expectations.",0,60.1,129,1
AID00204,45.0,Female,United States,Ethiopian,Ethiopian signature dish,Standard,Walk-in,5,8,5,55.74,3.9,Overpriced for the portion size we received.,0,28.3,1103,1
AID00022,20.0,Male,United States,Chinese,Chinese signature dish,Standard,Social Media,7,9,47,30.85,3.7,Service was slow and the order was incorrect.,1,51.2,1163,1
AID00403,34.0,Female,United Kingdom,Korean,Korean signature dish,Gold,Advertisement,9,12,96,19.67,3.9,Service was slow and the order was incorrect.,1,19.2,220,1
AID01108,26.0,Female,France,Greek,Greek signature dish,Silver,Referral,2,13,0,29.95,3.1,Service was slow and the order was incorrect.,0,100.0,225,1
AID01155,37.0,Female,Spain,Japanese,Japanese signature dish,Standard,Search Engine,4,13,26,54.67,4.9,,1,53.0,1097,0
AID01440,18.0,Female,Italy,Turkish,Turkish signature dish,Standard,Partner App,5,6,21,62.22,2.9,,0,49.7,43,0
AID00990,20.0,Prefer not to say,Spain,Thai,Thai signature dish,Platinum,Referral,8,8,48,40.15,3.7,Service was slow and the order was incorrect.,1,34.2,778,1
AID00742,40.0,Non-binary,Brazil,Ethiopian,Ethiopian signature dish,Standard,Search Engine,4,11,30,57.06,3.1,"Would not recommend, the experience did not meet expectations.",1,54.9,424,1
AID01311,33.0,Female,Japan,Indian,Indian signature dish,Standard,Search Engine,6,6,103,17.89,4.2,,0,50.2,1331,0
AID01148,42.0,Male,France,Brazilian,Brazilian signature dish,Silver,Walk-in,5,8,6,8.88,2.8,Overpriced for the portion size we received.,0,56.4,1228,1
AID00034,37.0,Male,India,Thai,Thai signature dish,Silver,Referral,3,13,9,40.09,2.7,,0,48.9,1490,0
AID00788,31.0,Male,Netherlands,Korean,Korean signature dish,Platinum,Partner App,7,7,5,37.22,3.6,,1,68.6,503,0
AID00924,37.0,Male,Australia,French,French signature dish,Standard,Advertisement,4,9,76,32.73,5.0,"Absolutely loved the flavours, will definitely come back again.",1,65.4,1053,1
AID01044,33.0,Female,India,Korean,Korean signature dish,Gold,Search Engine,7,11,14,28.45,3.7,Very disappointed with the wait time and cold food.,0,52.8,1310,1
AID01461,48.0,Male,Spain,Mexican,Mexican signature dish,Standard,Advertisement,10,10,174,27.24,5.0,Fantastic service and the fusion menu was a great surprise.,0,61.6,1318,1
AID01244,55.0,Male,Australia,Thai,Thai signature dish,Gold,Search Engine,2,10,48,42.19,3.6,Overpriced for the portion size we received.,0,67.8,1186,1
AID00580,50.0,Prefer not to say,United States,Italian,Italian signature dish,Standard,Walk-in,8,14,182,38.33,3.8,Service was slow and the order was incorrect.,0,63.1,741,1
AID00482,33.0,Male,United Arab Emirates,Spanish,Spanish signature dish,Standard,Partner App,8,8,177,20.15,5.0,Fantastic service and the fusion menu was a great surprise.,0,57.6,824,1
AID00932,43.0,Female,Nigeria,Turkish,Turkish signature dish,Platinum,Walk-in,6,9,79,20.78,3.3,Overpriced for the portion size we received.,1,87.4,502,1
AID00357,40.0,Male,United Arab Emirates,Indian,Indian signature dish,Standard,Walk-in,8,9,19,51.11,5.0,,0,52.0,420,0
AID01249,35.0,Male,United Kingdom,Indian,Indian signature dish,Standard,Walk-in,4,5,32,57.09,3.0,"Decent experience overall, might try again sometime.",0,55.6,1157,1
AID00760,48.0,Female,Netherlands,Lebanese,Lebanese signature dish,Standard,Partner App,5,12,68,65.04,4.5,One of the best dining experiences we have had this year.,1,28.8,327,1
AID00093,69.0,Female,Australia,Moroccan,Moroccan signature dish,Standard,Walk-in,6,13,0,43.7,3.4,Overpriced for the portion size we received.,0,74.4,82,1
AID01176,18.0,Female,United Arab Emirates,Mexican,Mexican signature dish,Silver,Partner App,3,7,20,44.26,3.7,Overpriced for the portion size we received.,0,43.1,682,1
AID01416,49.0,Female,Italy,Brazilian,Brazilian signature dish,Standard,Referral,4,10,12,28.69,4.8,One of the best dining experiences we have had this year.,0,42.9,1232,1
AID01342,37.0,Female,Germany,Korean,Korean signature dish,Gold,Social Media,5,11,4,54.55,3.8,Overpriced for the portion size we received.,1,62.6,861,1
AID00804,31.0,Female,Germany,Korean,Korean signature dish,Standard,Referral,6,11,1,42.19,3.2,,0,75.4,974,0
AID00746,46.0,Male,United Arab Emirates,French,French signature dish,Silver,Partner App,3,5,52,30.89,4.0,"The chef's tasting menu was outstanding, highly recommend.",0,75.6,712,1
AID00280,36.0,Female,Japan,Ethiopian,Ethiopian signature dish,Silver,Advertisement,6,6,136,20.61,2.6,,0,77.6,1253,0
AID00765,44.0,Female,Brazil,Spanish,Spanish signature dish,Silver,Advertisement,5,9,1,21.51,4.5,Great value for money and the staff were very attentive.,0,78.0,674,1
AID00605,60.0,Male,United States,Lebanese,Lebanese signature dish,Silver,Partner App,5,12,157,45.23,3.8,,0,70.4,1311,0
AID01374,31.0,Female,United Kingdom,Italian,Italian signature dish,Standard,Walk-in,7,16,76,45.15,4.8,Great value for money and the staff were very attentive.,1,63.9,76,1
AID01399,40.0,Male,Turkey,Spanish,Spanish signature dish,Silver,Search Engine,6,6,33,58.26,5.0,Great value for money and the staff were very attentive.,0,57.1,1189,1
AID00401,29.0,Male,Nigeria,Italian,Italian signature dish,Gold,Partner App,8,13,34,40.25,5.0,Fantastic service and the fusion menu was a great surprise.,0,43.1,119,1
AID00258,50.0,Male,United Kingdom,Turkish,Turkish signature dish,Standard,Social Media,7,11,48,57.47,4.6,One of the best dining experiences we have had this year.,0,32.8,691,1
AID00945,47.0,Male,Spain,Italian,Italian signature dish,Silver,Partner App,9,9,17,44.78,3.4,Service was slow and the order was incorrect.,0,52.9,685,1
AID01097,56.0,Male,France,Chinese,Chinese signature dish,Silver,Advertisement,5,8,32,41.12,4.8,,1,53.4,887,0
AID01220,44.0,Male,Brazil,Chinese,Chinese signature dish,Standard,Social Media,5,10,109,53.56,3.2,Very disappointed with the wait time and cold food.,1,5.8,1086,1
AID01162,43.0,Female,Germany,Brazilian,Brazilian signature dish,Gold,Advertisement,6,10,37,48.7,4.2,Great value for money and the staff were very attentive.,1,51.4,958,1
AID00495,40.0,Male,Italy,Chinese,Chinese signature dish,Standard,Search Engine,7,8,55,28.25,3.4,Very disappointed with the wait time and cold food.,0,56.4,83,1
AID00773,49.0,Male,Nigeria,Lebanese,Lebanese signature dish,Standard,Search Engine,6,8,51,65.25,4.7,Great value for money and the staff were very attentive.,1,43.0,1126,1
AID00551,22.0,Male,India,Japanese,Japanese signature dish,Standard,Social Media,6,6,115,49.53,4.7,,0,62.7,735,0
AID01487,46.0,Female,Germany,Ethiopian,Ethiopian signature dish,Silver,Social Media,3,10,19,33.35,3.9,"Would not recommend, the experience did not meet expectations.",0,38.2,1190,1
AID00202,50.0,Female,United Kingdom,Korean,Korean signature dish,Standard,Partner App,6,10,39,56.05,5.0,,0,58.5,930,0
AID00313,31.0,Male,Australia,Chinese,Chinese signature dish,Silver,Walk-in,8,8,45,8.48,3.6,Overpriced for the portion size we received.,1,32.7,748,1
AID00291,30.0,Male,Nigeria,Korean,Korean signature dish,Silver,Partner App,5,7,32,68.46,3.7,Very disappointed with the wait time and cold food.,0,58.8,1465,1
AID01214,72.0,Male,France,Lebanese,Lebanese signature dish,Gold,Referral,10,10,43,37.7,4.1,One of the best dining experiences we have had this year.,1,55.2,132,1
AID00764,36.0,Male,Australia,Korean,Korean signature dish,Standard,Social Media,7,10,8,27.4,3.8,"Would not recommend, the experience did not meet expectations.",1,89.6,422,1
AID01137,27.0,Male,United Kingdom,Indian,Indian signature dish,Standard,Referral,11,11,33,57.01,1.1,Very disappointed with the wait time and cold food.,0,43.5,715,1
AID00950,26.0,Male,United States,Italian,Italian signature dish,Standard,Search Engine,6,9,42,68.69,3.8,,1,69.5,1312,0
AID00184,49.0,Male,Spain,Korean,Korean signature dish,Standard,Walk-in,4,8,15,30.72,3.4,Service was slow and the order was incorrect.,1,53.5,442,1
AID01177,18.0,Male,Spain,Korean,Korean signature dish,Standard,Partner App,6,12,39,21.49,4.1,Great value for money and the staff were very attentive.,0,62.3,1223,1
AID01069,37.0,Male,Italy,Greek,Greek signature dish,Silver,Search Engine,5,12,5,12.86,3.7,Overpriced for the portion size we received.,1,33.2,1441,1
AID01469,23.0,Female,India,Ethiopian,Ethiopian signature dish,Silver,Social Media,9,9,11,67.95,4.9,,1,60.9,386,0
AID01031,53.0,Female,United Arab Emirates,Greek,Greek signature dish,Standard,Walk-in,5,8,58,46.28,4.9,"The chef's tasting menu was outstanding, highly recommend.",0,39.6,1478,1
AID00251,27.0,Male,Japan,Moroccan,Moroccan signature dish,Gold,Advertisement,16,16,25,45.61,3.3,,1,37.8,566,0
AID00824,41.0,Female,Australia,French,French signature dish,Standard,Advertisement,5,5,68,23.25,4.2,"The chef's tasting menu was outstanding, highly recommend.",0,19.5,707,1
AID01100,54.0,Male,Netherlands,Mexican,Mexican signature dish,Silver,Partner App,7,9,36,55.06,3.0,"It was okay, the ambience could be improved.",0,89.0,36,1
AID00941,35.0,Male,United Kingdom,Thai,Thai signature dish,Gold,Referral,8,9,213,28.07,4.3,,0,100.0,1418,0
AID00392,54.0,Female,Nigeria,Brazilian,Brazilian signature dish,Standard,Partner App,7,9,49,19.12,5.0,,1,39.1,1488,0
AID01457,32.0,Prefer not to say,Turkey,French,French signature dish,Silver,Referral,8,10,4,39.97,4.9,"Absolutely loved the flavours, will definitely come back again.",1,51.1,1381,1
AID01093,42.0,Male,China,Mexican,Mexican signature dish,Standard,Social Media,8,8,38,35.8,4.1,Fantastic service and the fusion menu was a great surprise.,0,57.3,818,1
AID01192,20.0,Male,United Arab Emirates,Brazilian,Brazilian signature dish,Gold,Social Media,7,11,17,67.11,5.0,Great value for money and the staff were very attentive.,1,74.7,17,1
AID00905,48.0,Male,Australia,Lebanese,Lebanese signature dish,Standard,Social Media,11,16,26,42.19,4.1,"Absolutely loved the flavours, will definitely come back again.",0,46.7,1277,1
AID00731,37.0,Female,Germany,Chinese,Chinese signature dish,Silver,Advertisement,7,9,9,56.89,4.2,,0,65.0,719,0
AID00555,44.0,Male,United Kingdom,Indian,Indian signature dish,Standard,Referral,8,10,51,43.65,4.4,"Absolutely loved the flavours, will definitely come back again.",1,40.0,272,1
AID00367,46.0,Female,China,Chinese,Chinese signature dish,Silver,Partner App,4,6,2,77.69,3.9,"Would not recommend, the experience did not meet expectations.",0,56.5,996,1
AID00346,37.0,Male,Nigeria,Brazilian,Brazilian signature dish,Standard,Referral,12,12,7,42.19,4.6,Fantastic service and the fusion menu was a great surprise.,0,46.3,118,1
AID00536,45.0,Male,Japan,Moroccan,Moroccan signature dish,Silver,Walk-in,4,10,127,8.0,3.7,Service was slow and the order was incorrect.,0,17.6,260,1
AID01423,30.0,Female,Brazil,Moroccan,Moroccan signature dish,Gold,Social Media,6,14,87,49.42,4.5,"The chef's tasting menu was outstanding, highly recommend.",0,46.6,1104,1
AID01210,31.0,Female,Brazil,Italian,Italian signature dish,Standard,Referral,10,10,0,66.2,4.9,,0,33.5,519,0
AID01373,18.0,Male,Italy,Spanish,Spanish signature dish,Gold,Search Engine,6,12,0,58.28,3.9,Very disappointed with the wait time and cold food.,1,61.6,1007,1
AID00920,50.0,Male,Japan,Greek,Greek signature dish,Silver,Social Media,7,7,25,28.22,3.4,Overpriced for the portion size we received.,0,65.8,1228,1
AID00212,34.0,Male,India,Korean,Korean signature dish,Silver,Walk-in,5,9,25,42.19,4.0,"The chef's tasting menu was outstanding, highly recommend.",0,79.5,1133,1
AID00503,41.0,Female,China,Greek,Greek signature dish,Gold,Walk-in,4,11,53,8.0,3.5,Very disappointed with the wait time and cold food.,0,47.2,1349,1
AID00538,44.0,Male,United Arab Emirates,Indian,Indian signature dish,Gold,Partner App,6,7,70,48.21,2.6,Overpriced for the portion size we received.,0,60.2,1379,1
AID00176,32.0,Female,United States,Indian,Indian signature dish,Standard,Search Engine,6,8,15,55.32,2.2,,0,62.8,1383,0
